source_file,method,seed,perturbation_scale,ensemble_name,accuracy,id_nll,id_ece,id_brier,near_ood_auroc,near_ood_fpr95,far_ood_auroc,far_ood_fpr95,posthoc_temperature,posthoc_calibrate,primary_score,temperature_fit_split,ood_validation_used,ood_tuning_used
openood_v1p5_energy_vcal_e300_optsgd_lr1e-01_wd5e-04_bs128_wu5_mom0p9_n1_augfcco8_ls0_seed0.json,energy_vcal,0,,Energy,0.9577999711036682,0.13836705684661865,0.00911585206091404,0.062451791018247604,0.8712176325,0.6523,0.9312372621295286,0.307,1.3119682710711582,True,energy_score,id_validation_only,False,False
openood_v1p5_energy_vcal_e300_optsgd_lr1e-01_wd5e-04_bs128_wu5_mom0p9_n1_augfcco8_ls0_seed1.json,energy_vcal,1,,Energy,0.9589999914169312,0.14436517655849457,0.009824937891960143,0.06364124268293381,0.8687676099999999,0.674,0.9044939915862256,0.431125,1.359665467248168,True,energy_score,id_validation_only,False,False
openood_v1p5_energy_vcal_e300_optsgd_lr1e-01_wd5e-04_bs128_wu5_mom0p9_n1_augfcco8_ls0_seed2.json,energy_vcal,2,,Energy,0.9554999470710754,0.14894457161426544,0.011644010402262211,0.06758418679237366,0.870064245,0.6629,0.9057022321185382,0.410775,1.329147844802032,True,energy_score,id_validation_only,False,False
"openood_v1p5_epinet_vcal_n50_epi100_idim8_h50,50_ps3.0_e300_optsgd_lr1e-01_wd5e-04_bs128_wu5_mom0p9_n1_augfcco8_ls0_seed0.json","epinet_vcal_n50_epi100_idim8_h50,50_ps3.0",0,,Epinet,0.958299994468689,0.14217649400234222,0.010647180792689323,0.06276945769786835,0.8810515325000001,0.61615,0.9354648837761871,0.27942500000000003,1.708529915096124,True,predictive_entropy,id_validation_only,False,False
"openood_v1p5_epinet_vcal_n50_epi100_idim8_h50,50_ps3.0_e300_optsgd_lr1e-01_wd5e-04_bs128_wu5_mom0p9_n1_augfcco8_ls0_seed1.json","epinet_vcal_n50_epi100_idim8_h50,50_ps3.0",1,,Epinet,0.9592999815940857,0.1487651765346527,0.007386805477738381,0.06379447132349014,0.8808876750000001,0.6343000000000001,0.9180070048835258,0.35835,1.8014250038050768,True,predictive_entropy,id_validation_only,False,False
"openood_v1p5_epinet_vcal_n50_epi100_idim8_h50,50_ps3.0_e300_optsgd_lr1e-01_wd5e-04_bs128_wu5_mom0p9_n1_augfcco8_ls0_seed2.json","epinet_vcal_n50_epi100_idim8_h50,50_ps3.0",2,,Epinet,0.9550999999046326,0.15341515839099884,0.012820035828649998,0.06838687509298325,0.880063335,0.6505000000000001,0.9112540634664156,0.41515,1.737783887483675,True,predictive_entropy,id_validation_only,False,False
openood_v1p5_llla_vcal_n50_prec10.0_e300_optsgd_lr1e-01_wd5e-04_bs128_wu5_mom0p9_n1_augfcco8_ls0_seed0.json,llla_vcal_n50_prec10.0,0,,LLLA,0.9583999514579773,0.13383303582668304,0.00711359960436821,0.06145118176937103,0.8964394474999999,0.48045000000000004,0.9423221200325131,0.218125,0.8329885131557957,True,predictive_entropy,id_validation_only,False,False
openood_v1p5_llla_vcal_n50_prec10.0_e300_optsgd_lr1e-01_wd5e-04_bs128_wu5_mom0p9_n1_augfcco8_ls0_seed1.json,llla_vcal_n50_prec10.0,1,,LLLA,0.9598000049591064,0.14075961709022522,0.007660329081118107,0.0626583993434906,0.8922595449999999,0.5258499999999999,0.9299931241558562,0.258475,0.8624612447516252,True,predictive_entropy,id_validation_only,False,False
openood_v1p5_llla_vcal_n50_prec10.0_e300_optsgd_lr1e-01_wd5e-04_bs128_wu5_mom0p9_n1_augfcco8_ls0_seed2.json,llla_vcal_n50_prec10.0,2,,LLLA,0.9549999833106995,0.14641164243221283,0.010119834983348846,0.0665600597858429,0.8802730724999999,0.61745,0.9189656224931617,0.37655,0.8694308827550535,True,predictive_entropy,id_validation_only,False,False
openood_v1p5_mahalanobis_vcal_e300_optsgd_lr1e-01_wd5e-04_bs128_wu5_mom0p9_n1_augfcco8_ls0_seed0.json,mahalanobis_vcal,0,,Mahalanobis,0.9576999545097351,0.13836364448070526,0.009220037704706191,0.06244893744587898,0.8812964775000001,0.6523,0.9289428319766397,0.307,1.3119215434514915,True,mahalanobis,id_validation_only,False,False
openood_v1p5_mahalanobis_vcal_e300_optsgd_lr1e-01_wd5e-04_bs128_wu5_mom0p9_n1_augfcco8_ls0_seed1.json,mahalanobis_vcal,1,,Mahalanobis,0.9589999914169312,0.14436227083206177,0.009716051705181599,0.06364138424396515,0.8787546325,0.6738500000000001,0.9349712901891942,0.431125,1.3596150171620922,True,mahalanobis,id_validation_only,False,False
openood_v1p5_mahalanobis_vcal_e300_optsgd_lr1e-01_wd5e-04_bs128_wu5_mom0p9_n1_augfcco8_ls0_seed2.json,mahalanobis_vcal,2,,Mahalanobis,0.9554999470710754,0.1489451676607132,0.01164153265208006,0.06758402287960052,0.8793409925000001,0.6628499999999999,0.9335485164196275,0.410775,1.3291976050039631,True,mahalanobis,id_validation_only,False,False
openood_v1p5_mc_dropout_vcal_n32_dr0.1_e300_optsgd_lr1e-01_wd5e-04_bs128_wu5_mom0p9_n1_augfcco8_ls0_seed0.json,mc_dropout_vcal_n32_dr0.1,0,,MC Dropout,0.9576999545097351,0.1424688696861267,0.00841053120791912,0.06446460634469986,0.8720500375,0.72,0.9161358219090634,0.40900000000000003,1.3342845724765302,True,predictive_entropy,id_validation_only,False,False
openood_v1p5_mc_dropout_vcal_n32_dr0.1_e300_optsgd_lr1e-01_wd5e-04_bs128_wu5_mom0p9_n1_augfcco8_ls0_seed1.json,mc_dropout_vcal_n32_dr0.1,1,,MC Dropout,0.958899974822998,0.14608056843280792,0.0071375004291534426,0.06413054466247559,0.8709963025,0.70705,0.9132170297808698,0.43504999999999994,1.3358820841976198,True,predictive_entropy,id_validation_only,False,False
openood_v1p5_mc_dropout_vcal_n32_dr0.1_e300_optsgd_lr1e-01_wd5e-04_bs128_wu5_mom0p9_n1_augfcco8_ls0_seed2.json,mc_dropout_vcal_n32_dr0.1,2,,MC Dropout,0.9560999870300293,0.15403060615062714,0.014068403863906861,0.06977304816246033,0.8744182174999999,0.7041,0.9107349618540846,0.431775,1.308487040681154,True,predictive_entropy,id_validation_only,False,False
openood_v1p5_msp_vcal_e300_optsgd_lr1e-01_wd5e-04_bs128_wu5_mom0p9_n1_augfcco8_ls0_seed0.json,msp_vcal,0,,MSP,0.9576999545097351,0.1383627951145172,0.009204874056577682,0.06244732439517975,0.8771061025,0.65235,0.9280735107628145,0.307,1.3121689358246218,True,max_softmax_uncertainty,id_validation_only,False,False
openood_v1p5_msp_vcal_e300_optsgd_lr1e-01_wd5e-04_bs128_wu5_mom0p9_n1_augfcco8_ls0_seed1.json,msp_vcal,1,,MSP,0.9589999914169312,0.1443616896867752,0.009712299591302872,0.06364220380783081,0.8759049125,0.6738500000000001,0.908286522150452,0.431125,1.3594670923344505,True,max_softmax_uncertainty,id_validation_only,False,False
openood_v1p5_msp_vcal_e300_optsgd_lr1e-01_wd5e-04_bs128_wu5_mom0p9_n1_augfcco8_ls0_seed2.json,msp_vcal,2,,MSP,0.9554999470710754,0.14894674718379974,0.01165266767591238,0.06758555769920349,0.87679344,0.6628499999999999,0.9095884543846471,0.410775,1.3290014550391993,True,max_softmax_uncertainty,id_validation_only,False,False
openood_v1p5_pnc_multi_block_vcal_k20_n50_ps6.0_lr0.001_e300_optsgd_lr1e-01_wd5e-04_bs128_wu5_mom0p9_n1_augfcco8_ls0_subsetsize1024_chunksize64_seed0_random.json,pnc_multi_block_vcal_k20_n50_ps6.0_lr0.001,0,6.0,Multi-block PnC scale=6.0,0.9539999961853027,0.14405395090579987,0.007966320264339447,0.06880931556224823,0.89907011,0.42325,0.9416497866677837,0.2369,1.1922456691123473,True,predictive_entropy,id_validation_only,False,False
openood_v1p5_pnc_multi_block_vcal_k20_n50_ps7.0_lr0.001_e300_optsgd_lr1e-01_wd5e-04_bs128_wu5_mom0p9_n1_augfcco8_ls0_subsetsize1024_chunksize64_seed0_random.json,pnc_multi_block_vcal_k20_n50_ps7.0_lr0.001,0,7.0,Multi-block PnC scale=7.0,0.9519999623298645,0.14879556000232697,0.009354727955162526,0.07175803929567337,0.90054513,0.38880000000000003,0.9417636466294349,0.2248,1.1681707459433486,True,predictive_entropy,id_validation_only,False,False
openood_v1p5_pnc_multi_block_vcal_k20_n50_ps7.0_lr0.001_e300_optsgd_lr1e-01_wd5e-04_bs128_wu5_mom0p9_n1_augfcco8_ls0_subsetsize1024_chunksize64_seed1_random.json,pnc_multi_block_vcal_k20_n50_ps7.0_lr0.001,1,7.0,Multi-block PnC scale=7.0,0.9519000053405762,0.15078182518482208,0.006019682502746582,0.07123322784900665,0.899579875,0.37805,0.9217993616070239,0.2508,1.1787596038681,True,predictive_entropy,id_validation_only,False,False
openood_v1p5_pnc_multi_block_vcal_k20_n50_ps7.0_lr0.001_e300_optsgd_lr1e-01_wd5e-04_bs128_wu5_mom0p9_n1_augfcco8_ls0_subsetsize1024_chunksize64_seed2_random.json,pnc_multi_block_vcal_k20_n50_ps7.0_lr0.001,2,7.0,Multi-block PnC scale=7.0,0.9488999843597412,0.15692314505577087,0.007700903943181038,0.07522178441286087,0.8987380300000001,0.39775,0.9223814805585542,0.256725,1.2113306557561314,True,predictive_entropy,id_validation_only,False,False
openood_v1p5_pnc_single_block_vcal_s3b1_k20_n25_ps10.0-15.0-20.0-25.0_lr0.001_e300_optsgd_lr1e-01_wd5e-04_bs128_wu5_mom0p9_n1_augfcco8_ls0_subsetsize1024_chunksize64_seed0_random.json,pnc_single_block_vcal_s3b1_k20_n25_ps10.0-15.0-20.0-25.0_lr0.001,0,10.0,PnC scale=10.0,0.9584999680519104,0.13661891222000122,0.007973920401930809,0.06219058856368065,0.893410055,0.52035,0.940277025802591,0.255125,1.2601133806092524,True,predictive_entropy,id_validation_only,False,False
openood_v1p5_pnc_single_block_vcal_s3b1_k20_n25_ps10.0-15.0-20.0-25.0_lr0.001_e300_optsgd_lr1e-01_wd5e-04_bs128_wu5_mom0p9_n1_augfcco8_ls0_subsetsize1024_chunksize64_seed0_random.json,pnc_single_block_vcal_s3b1_k20_n25_ps10.0-15.0-20.0-25.0_lr0.001,0,15.0,PnC scale=15.0,0.9584999680519104,0.13592499494552612,0.007317529141902924,0.0623263455927372,0.90190594,0.43615000000000004,0.9449292363691988,0.219875,1.2140735718010724,True,predictive_entropy,id_validation_only,False,False
openood_v1p5_pnc_single_block_vcal_s3b1_k20_n25_ps10.0-15.0-20.0-25.0_lr0.001_e300_optsgd_lr1e-01_wd5e-04_bs128_wu5_mom0p9_n1_augfcco8_ls0_subsetsize1024_chunksize64_seed0_random.json,pnc_single_block_vcal_s3b1_k20_n25_ps10.0-15.0-20.0-25.0_lr0.001,0,20.0,PnC scale=20.0,0.9580999612808228,0.1357390284538269,0.007653066277503967,0.06264514476060867,0.908010145,0.37665000000000004,0.9480988628449437,0.200525,1.166399582035664,True,predictive_entropy,id_validation_only,False,False
openood_v1p5_pnc_single_block_vcal_s3b1_k20_n25_ps10.0-15.0-20.0-25.0_lr0.001_e300_optsgd_lr1e-01_wd5e-04_bs128_wu5_mom0p9_n1_augfcco8_ls0_subsetsize1024_chunksize64_seed0_random.json,pnc_single_block_vcal_s3b1_k20_n25_ps10.0-15.0-20.0-25.0_lr0.001,0,25.0,PnC scale=25.0,0.9577999711036682,0.13600581884384155,0.007149747985601425,0.06308317929506302,0.9118443250000001,0.34285,0.9500381041609889,0.19087500000000002,1.121809910053896,True,predictive_entropy,id_validation_only,False,False
openood_v1p5_pnc_single_block_vcal_s3b1_k20_n25_ps30.0-40.0-50.0-75.0_lr0.001_e300_optsgd_lr1e-01_wd5e-04_bs128_wu5_mom0p9_n1_augfcco8_ls0_subsetsize1024_chunksize64_seed0_random.json,pnc_single_block_vcal_s3b1_k20_n25_ps30.0-40.0-50.0-75.0_lr0.001,0,30.0,PnC scale=30.0,0.9574999809265137,0.1365504413843155,0.007065322715044022,0.06357062608003616,0.9141149525,0.3281,0.9511292505896562,0.18645,1.0842268795225734,True,predictive_entropy,id_validation_only,False,False
openood_v1p5_pnc_single_block_vcal_s3b1_k20_n25_ps30.0-40.0-50.0-75.0_lr0.001_e300_optsgd_lr1e-01_wd5e-04_bs128_wu5_mom0p9_n1_augfcco8_ls0_subsetsize1024_chunksize64_seed0_random.json,pnc_single_block_vcal_s3b1_k20_n25_ps30.0-40.0-50.0-75.0_lr0.001,0,40.0,PnC scale=40.0,0.9567999839782715,0.13775379955768585,0.007346018198132515,0.06444824486970901,0.9162350175,0.31365,0.9519534965299827,0.1806,1.0304645740571334,True,predictive_entropy,id_validation_only,False,False
openood_v1p5_pnc_single_block_vcal_s3b1_k20_n25_ps30.0-40.0-50.0-75.0_lr0.001_e300_optsgd_lr1e-01_wd5e-04_bs128_wu5_mom0p9_n1_augfcco8_ls0_subsetsize1024_chunksize64_seed0_random.json,pnc_single_block_vcal_s3b1_k20_n25_ps30.0-40.0-50.0-75.0_lr0.001,0,50.0,PnC scale=50.0,0.9559999704360962,0.13872279226779938,0.00739005861133337,0.06508694589138031,0.917023285,0.30574999999999997,0.9521235767129654,0.179475,0.9979786807951238,True,predictive_entropy,id_validation_only,False,False
openood_v1p5_pnc_single_block_vcal_s3b1_k20_n25_ps30.0-40.0-50.0-75.0_lr0.001_e300_optsgd_lr1e-01_wd5e-04_bs128_wu5_mom0p9_n1_augfcco8_ls0_subsetsize1024_chunksize64_seed0_random.json,pnc_single_block_vcal_s3b1_k20_n25_ps30.0-40.0-50.0-75.0_lr0.001,0,75.0,PnC scale=75.0,0.955299973487854,0.14010480046272278,0.007302846929430962,0.06595329195261002,0.9175599075,0.3038,0.9520734797131354,0.178025,0.9611487428518145,True,predictive_entropy,id_validation_only,False,False
openood_v1p5_pnc_single_block_vcal_s3b1_k20_n50_ps20.0_lr0.001_e300_optsgd_lr1e-01_wd5e-04_bs128_wu5_mom0p9_n1_augfcco8_ls0_subsetsize1024_chunksize1024_seed0_random.json,pnc_single_block_vcal_s3b1_k20_n50_ps20.0_lr0.001,0,20.0,PnC scale=20.0,0.958299994468689,0.13580472767353058,0.007449640993773937,0.06271258741617203,0.90788761,0.37539999999999996,0.947963976418031,0.20105,1.1661569378306733,True,predictive_entropy,id_validation_only,False,False
openood_v1p5_pnc_single_block_vcal_s3b1_k20_n50_ps25.0_lr0.001_e300_optsgd_lr1e-01_wd5e-04_bs128_wu5_mom0p9_n1_augfcco8_ls0_subsetsize1024_chunksize1024_seed1_random.json,pnc_single_block_vcal_s3b1_k20_n50_ps25.0_lr0.001,1,25.0,PnC scale=25.0,0.9583999514579773,0.1402229219675064,0.006765738609433174,0.06411696970462799,0.9117753749999999,0.35165,0.9333347223999159,0.22455000000000003,1.1338430054897473,True,predictive_entropy,id_validation_only,False,False
openood_v1p5_pnc_single_block_vcal_s3b1_k20_n50_ps25.0_lr0.001_e300_optsgd_lr1e-01_wd5e-04_bs128_wu5_mom0p9_n1_augfcco8_ls0_subsetsize1024_chunksize1024_seed2_random.json,pnc_single_block_vcal_s3b1_k20_n50_ps25.0_lr0.001,2,25.0,PnC scale=25.0,0.9548999667167664,0.14627157151699066,0.009093872991204262,0.06786547601222992,0.9096382275,0.35535,0.9378365592505513,0.21762499999999999,1.1113924279021785,True,predictive_entropy,id_validation_only,False,False
openood_v1p5_pnc_single_block_vcal_s3b1_k20_n50_ps50.0_lr0.001_e300_optsgd_lr1e-01_wd5e-04_bs128_wu5_mom0p9_n1_augfcco8_ls0_subsetsize1024_chunksize1024_seed0_random.json,pnc_single_block_vcal_s3b1_k20_n50_ps50.0_lr0.001,0,50.0,PnC scale=50.0,0.9564999938011169,0.1384059339761734,0.007784417763352394,0.06504441797733307,0.9169506624999999,0.3075,0.9519154516763384,0.1797,0.9971876788903381,True,predictive_entropy,id_validation_only,False,False
openood_v1p5_pnc_single_block_vcal_s3b1_k20_n50_ps50.0_lr0.001_e300_optsgd_lr1e-01_wd5e-04_bs128_wu5_mom0p9_n1_augfcco8_ls0_subsetsize1024_chunksize1024_seed1_random.json,pnc_single_block_vcal_s3b1_k20_n50_ps50.0_lr0.001,1,50.0,PnC scale=50.0,0.9566999673843384,0.14348874986171722,0.006799443182349205,0.06658332049846649,0.915476615,0.32775,0.9324160424657377,0.2225,1.0001278448248467,True,predictive_entropy,id_validation_only,False,False
openood_v1p5_pnc_single_block_vcal_s3b1_k20_n50_ps50.0_lr0.001_e300_optsgd_lr1e-01_wd5e-04_bs128_wu5_mom0p9_n1_augfcco8_ls0_subsetsize1024_chunksize1024_seed2_random.json,pnc_single_block_vcal_s3b1_k20_n50_ps50.0_lr0.001,2,50.0,PnC scale=50.0,0.9544999599456787,0.15025392174720764,0.009087853981554508,0.06989049911499023,0.9127843425,0.32975,0.9386214284052905,0.21400000000000002,0.9718948692173555,True,predictive_entropy,id_validation_only,False,False
openood_v1p5_preact_resnet18_vcal_e300_optsgd_lr1e-01_wd5e-04_bs128_wu5_mom0p9_n1_augfcco8_ls0_seed0.json,preact_resnet18_vcal,0,,PreAct ResNet-18,0.9577999711036682,0.1383681297302246,0.009129115352034568,0.062453221529722214,0.879254035,0.6524,0.9324625831289205,0.307,1.3117576624975325,True,predictive_entropy,id_validation_only,False,False
openood_v1p5_preact_resnet18_vcal_e300_optsgd_lr1e-01_wd5e-04_bs128_wu5_mom0p9_n1_augfcco8_ls0_seed1.json,preact_resnet18_vcal,1,,PreAct ResNet-18,0.9589999914169312,0.14436182379722595,0.009711776360869407,0.06364232301712036,0.87763393,0.6738500000000001,0.9109945561041948,0.431125,1.3594519004217094,True,predictive_entropy,id_validation_only,False,False
openood_v1p5_preact_resnet18_vcal_e300_optsgd_lr1e-01_wd5e-04_bs128_wu5_mom0p9_n1_augfcco8_ls0_seed2.json,preact_resnet18_vcal,2,,PreAct ResNet-18,0.9554999470710754,0.1489468663930893,0.011653557102382183,0.06758567690849304,0.87870583,0.6628499999999999,0.9123190583260918,0.410775,1.328985404473975,True,predictive_entropy,id_validation_only,False,False
openood_v1p5_react_energy_vcal_p90.0_e300_optsgd_lr1e-01_wd5e-04_bs128_wu5_mom0p9_n1_augfcco8_ls0_seed0.json,react_energy_vcal_p90.0,0,,ReAct+Energy,0.9578999876976013,0.14271150529384613,0.010159116783738136,0.0637265220284462,0.88456305,0.52645,0.9401683808287835,0.2293,0.8734974948004157,True,energy_score,id_validation_only,False,False
openood_v1p5_react_energy_vcal_p90.0_e300_optsgd_lr1e-01_wd5e-04_bs128_wu5_mom0p9_n1_augfcco8_ls0_seed1.json,react_energy_vcal_p90.0,1,,ReAct+Energy,0.9595999717712402,0.1484236717224121,0.012133985602855682,0.06434621661901474,0.88811565,0.5567500000000001,0.9239075888018893,0.30710000000000004,0.9510210716029748,True,energy_score,id_validation_only,False,False
openood_v1p5_react_energy_vcal_p90.0_e300_optsgd_lr1e-01_wd5e-04_bs128_wu5_mom0p9_n1_augfcco8_ls0_seed2.json,react_energy_vcal_p90.0,2,,ReAct+Energy,0.9555999636650085,0.152786985039711,0.012377494248747825,0.06827960163354874,0.8861711750000001,0.5486,0.9107969415292254,0.3571,0.8850538512195942,True,energy_score,id_validation_only,False,False
openood_v1p5_standard_ensemble_vcal_n5_e300_optsgd_lr1e-01_wd5e-04_bs128_wu5_mom0p9_n1_augfcco8_ls0_seed0.json,standard_ensemble_vcal_n5,0,,Standard Ensemble,0.9650999903678894,0.10829610377550125,0.0047418046563863754,0.05138802528381348,0.9112058425,0.40645,0.9481843567718345,0.192375,1.1147685800365497,True,predictive_entropy,id_validation_only,False,False
openood_v1p5_standard_ensemble_vcal_n5_e300_optsgd_lr1e-01_wd5e-04_bs128_wu5_mom0p9_n1_augfcco8_ls0_seed1.json,standard_ensemble_vcal_n5,1,,Standard Ensemble,0.9661999940872192,0.10885424166917801,0.00412269664555788,0.05127117037773132,0.9112341500000001,0.39849999999999997,0.9457960538958925,0.193825,1.102527707108598,True,predictive_entropy,id_validation_only,False,False
openood_v1p5_standard_ensemble_vcal_n5_e300_optsgd_lr1e-01_wd5e-04_bs128_wu5_mom0p9_n1_augfcco8_ls0_seed2.json,standard_ensemble_vcal_n5,2,,Standard Ensemble,0.9655999541282654,0.10871576517820358,0.004807017394900322,0.052139367908239365,0.9105108675,0.40685000000000004,0.9449553742911397,0.19842500000000002,1.1024483615807448,True,predictive_entropy,id_validation_only,False,False
openood_v1p5_swag_vcal_n50_e300_optsgd_lr1e-01_wd5e-04_bs128_wu5_mom0p9_n1_augfcco8_ls0_sws240_swf1_swr20_bnr1_bns2048_seed0.json,swag_vcal_n50,0,,SWAG,0.9533999562263489,0.1476929485797882,0.006516749380528927,0.06870783865451813,0.8992376174999999,0.4361,0.9470774381662285,0.1933,1.228243029573719,True,predictive_entropy,id_validation_only,False,False
openood_v1p5_swag_vcal_n50_e300_optsgd_lr1e-01_wd5e-04_bs128_wu5_mom0p9_n1_augfcco8_ls0_sws240_swf1_swr20_bnr1_bns2048_seed1.json,swag_vcal_n50,1,,SWAG,0.9532999992370605,0.14863725006580353,0.008826022198796272,0.07037975639104843,0.8992003575,0.45435000000000003,0.927562732668298,0.28990000000000005,1.2320297363176789,True,predictive_entropy,id_validation_only,False,False
openood_v1p5_swag_vcal_n50_e300_optsgd_lr1e-01_wd5e-04_bs128_wu5_mom0p9_n1_augfcco8_ls0_sws240_swf1_swr20_bnr1_bns2048_seed2.json,swag_vcal_n50,2,,SWAG,0.9544999599456787,0.14221900701522827,0.007053187894821167,0.06679809093475342,0.902461045,0.45094999999999996,0.9511333638935985,0.179525,1.2359710756093758,True,predictive_entropy,id_validation_only,False,False
