seed,label,stage_idx,block_idx,scale,bootstrap_frac,chunk_size,temperature,val_nll_calibrated,val_nll_uncalibrated,val_accuracy,val_ece,val_brier,base_agreement,build_secs,repro_ok
0,,1,0,100.0,0.05,16,1.1716737729429236,0.15542642772197723,0.15812692046165466,95.17999999999999,0.009217627203464532,0.07481949776411057,0.9716,27.3,True
0,,1,0,100.0,0.1,16,1.190273052104114,0.1564762443304062,0.1599583923816681,95.02000000000001,0.007534411287307713,0.07505671679973602,0.9714,25.0,True
0,,1,0,100.0,0.2,16,1.1959481651858412,0.15651537477970123,0.16027794778347015,95.02000000000001,0.008182462275028198,0.07496850937604904,0.9718,26.2,True
0,,1,0,25.0,0.05,16,1.1896170499854886,0.1409338116645813,0.14431212842464447,95.78,0.010311174577474573,0.06726410239934921,0.9794,32.9,True
0,,1,0,25.0,0.1,16,1.203597245082272,0.1420293152332306,0.14605560898780823,95.72,0.010044942069053648,0.06759261339902878,0.9786,34.4,True
0,,1,0,25.0,0.2,16,1.2082675285750477,0.14190098643302917,0.1461586207151413,95.7,0.00952372587323188,0.06737314164638519,0.9794,29.6,True
0,,1,0,50.0,0.05,16,1.1731141982184992,0.15082091093063354,0.15357083082199097,95.34,0.009217525589466076,0.07257010787725449,0.9746,28.4,True
0,,1,0,50.0,0.1,16,1.1926965445664852,0.15202699601650238,0.1556033492088318,95.19999999999999,0.008607323873043105,0.07282347232103348,0.9736,27.7,True
0,,1,0,50.0,0.2,16,1.1965499353541846,0.151895672082901,0.15564128756523132,95.34,0.010658410495519605,0.0726952850818634,0.9738,29.5,True
0,,1,1,100.0,0.05,16,1.3069627990600967,0.1495359092950821,0.16132591664791107,95.38,0.009532936218380885,0.07030460238456726,0.9822,26.2,True
0,,1,1,100.0,0.1,16,1.31475284428493,0.14991359412670135,0.16258737444877625,95.39999999999999,0.008479858061671303,0.07016617804765701,0.982,26.9,True
0,,1,1,100.0,0.2,16,1.3166199004434764,0.14985737204551697,0.1627299189567566,95.42,0.008349041086435286,0.0701344683766365,0.9822,27.0,True
0,,1,1,25.0,0.05,16,1.301256268226887,0.14677807688713074,0.15794485807418823,95.46,0.00879325195252898,0.06897628307342529,0.983,26.2,True
0,,1,1,25.0,0.1,16,1.3087417860368231,0.14710472524166107,0.15909463167190552,95.5,0.008753095874190372,0.06884466111660004,0.983,27.0,True
0,,1,1,25.0,0.2,16,1.3109484417687645,0.14716464281082153,0.15938425064086914,95.52000000000001,0.008170729568600703,0.06883776932954788,0.983,27.5,True
0,,1,1,50.0,0.05,16,1.305676777487107,0.1491047441959381,0.16073793172836304,95.38,0.010157475650310522,0.07011950016021729,0.9822,26.3,True
0,,1,1,50.0,0.1,16,1.313299978064448,0.14945881068706512,0.1619751751422882,95.42,0.008405664473772029,0.06997165828943253,0.9818,27.0,True
0,,1,1,50.0,0.2,16,1.31505498692308,0.14944595098495483,0.16217033565044403,95.42,0.008769180297851559,0.06995338201522827,0.9822,27.6,True
0,,2,0,100.0,0.05,16,0.7858584927619017,0.21211029589176178,0.21449033915996552,93.02,0.022357458162307702,0.10345747321844101,0.945,25.9,True
0,,2,0,100.0,0.1,16,1.0849553979555748,0.15760540962219238,0.15811103582382202,94.82000000000001,0.0054693922579288675,0.07798988372087479,0.9686,25.9,True
0,,2,0,100.0,0.2,16,1.1512245269701435,0.15531454980373383,0.15716314315795898,94.96,0.009431022733449961,0.07632491737604141,0.9696,26.2,True
0,,2,0,25.0,0.05,16,0.8486289190896246,0.16380703449249268,0.16483274102210999,94.62,0.012202885481715234,0.08179055899381638,0.9664,30.3,True
0,,2,0,25.0,0.1,16,1.1029973413625582,0.14015790820121765,0.1408914178609848,95.14,0.006684370979666735,0.06989814341068268,0.978,26.8,True
0,,2,0,25.0,0.2,16,1.1652806855550635,0.14022256433963776,0.14247822761535645,95.36,0.009906319105625143,0.06872972100973129,0.9796,27.6,True
0,,2,0,50.0,0.05,16,0.7874000726126574,0.20099447667598724,0.2032857984304428,93.34,0.021183967059850706,0.09890656918287277,0.9502,24.8,True
0,,2,0,50.0,0.1,16,1.0822535929197095,0.1538151651620865,0.1542787402868271,94.92,0.006176735246181446,0.07636839151382446,0.9706,25.6,True
0,,2,0,50.0,0.2,16,1.1481431805788707,0.15183483064174652,0.15359240770339966,94.94,0.010370568168163301,0.07462763786315918,0.971,26.5,True
0,,2,1,100.0,0.05,16,1.0279231908955564,0.15496580302715302,0.15501943230628967,95.02000000000001,0.008182543718814859,0.0751500278711319,0.9704,26.1,True
0,,2,1,100.0,0.1,16,1.2395696732830523,0.16067849099636078,0.16635346412658691,95.1,0.008405581104755444,0.07527336478233337,0.9712,26.2,True
0,,2,1,100.0,0.2,16,1.2899839165539764,0.16254766285419464,0.17190518975257874,95.17999999999999,0.007744071704149235,0.07540314644575119,0.9716,26.4,True
0,,2,1,25.0,0.05,16,1.080807014675246,0.14387135207653046,0.1443459689617157,95.28,0.009385644474625568,0.06940802186727524,0.9756,26.7,True
0,,2,1,25.0,0.1,16,1.2385871926622658,0.14897356927394867,0.15453608334064484,95.52000000000001,0.008607361927628527,0.06978372484445572,0.9776,26.1,True
0,,2,1,25.0,0.2,16,1.2797427209164047,0.15038414299488068,0.15886752307415009,95.44,0.010472646096348731,0.06960394233465195,0.9776,27.2,True
0,,2,1,50.0,0.05,16,1.0404597705989362,0.153220996260643,0.15333375334739685,95.14,0.0055710034459829595,0.07417576014995575,0.9724,26.4,True
0,,2,1,50.0,0.1,16,1.236780284073721,0.15843656659126282,0.16393668949604034,95.17999999999999,0.006567846450209594,0.07433212548494339,0.9714,26.2,True
0,,2,1,50.0,0.2,16,1.2876772422938152,0.16028186678886414,0.16945037245750427,95.17999999999999,0.006856685101985939,0.07430783659219742,0.9724,26.7,True
0,,3,0,100.0,0.05,64,99.99993582370774,3.0960679054260254,15.140047073364258,9.92,0.5083855442166328,1.2010654211044312,0.1022,9.6,True
0,,3,0,100.0,0.1,64,99.99993582370774,4.34522008895874,16.123868942260742,9.92,0.6859471597075462,1.4378056526184082,0.1022,10.1,True
0,,3,0,100.0,0.2,64,99.99993582370774,4.205737590789795,14.00944995880127,9.92,0.6566743488311768,1.389474630355835,0.1022,10.5,True
0,,3,0,25.0,0.05,64,0.7610793473740424,0.1249404028058052,0.13083963096141815,95.72,0.006787364888191264,0.06158704683184624,0.988,16.4,True
0,,3,0,25.0,0.1,64,0.7011955147683668,0.13032622635364532,0.14033304154872894,95.56,0.0038368400931358664,0.06302853673696518,0.9866,13.0,True
0,,3,0,25.0,0.2,64,0.558911075954969,0.14097484946250916,0.16563735902309418,95.48,0.008502564400434459,0.06570473313331604,0.983,11.6,True
0,,3,0,50.0,0.05,64,0.38178376334663766,1.1693644523620605,1.2754979133605957,52.300000000000004,0.11725496009588242,0.6086252927780151,0.527,9.8,True
0,,3,0,50.0,0.1,64,0.7760496796167607,1.5889403820037842,1.6003419160842896,40.660000000000004,0.13863622112572194,0.7350378036499023,0.4094,10.3,True
0,,3,0,50.0,0.2,64,2.1483503537138025,2.0829715728759766,2.216963052749634,24.08,0.12925356209576128,0.866639256477356,0.2442,10.3,True
0,,3,1,100.0,0.05,64,99.99993582370774,3.0366547107696533,15.186787605285645,9.92,0.5027597764849663,1.1903830766677856,0.1022,13.5,True
0,,3,1,100.0,0.1,64,99.99984003443716,3.313791513442993,15.183667182922363,9.92,0.5542095272898674,1.2565248012542725,0.1022,11.4,True
0,,3,1,100.0,0.2,64,99.99993582370774,3.1601669788360596,15.33250904083252,9.92,0.5072254344701767,1.1982051134109497,0.1022,11.6,True
0,,3,1,25.0,0.05,64,1.031704973602337,0.131686270236969,0.13180552423000336,95.84,0.008536092215776465,0.062207892537117004,0.987,18.9,True
0,,3,1,25.0,0.1,64,0.7478367303547451,0.28322121500968933,0.2897127568721771,95.38,0.12407847591936584,0.10117587447166443,0.9796,12.0,True
0,,3,1,25.0,0.2,64,0.7576064631055736,0.3237394392490387,0.3303639590740204,95.42,0.15742412093877794,0.1172465831041336,0.9774,13.8,True
0,,3,1,50.0,0.05,64,0.6282595450400733,0.14742062985897064,0.16338805854320526,95.8,0.010478150367736801,0.06625062972307205,0.983,11.4,True
0,,3,1,50.0,0.1,64,0.5978304304416351,0.3327817916870117,0.3552807569503784,93.84,0.12839349051713947,0.12738251686096191,0.9568,11.5,True
0,,3,1,50.0,0.2,64,0.689986709410778,1.4228824377059937,1.435426115989685,9.94,0.596672809445858,0.9412413835525513,0.1024,12.1,True
1,,1,0,100.0,0.05,16,1.1876235786692384,0.15646597743034363,0.15973198413848877,94.72,0.010680621501803397,0.07674643397331238,0.973,26.4,True
1,,1,0,100.0,0.1,16,1.2040610728433552,0.15767517685890198,0.1616935133934021,94.69999999999999,0.011572039914131204,0.07720641791820526,0.9724,26.5,True
1,,1,0,100.0,0.2,16,1.2117255873117767,0.1576785445213318,0.16206999123096466,94.74000000000001,0.011458059573173529,0.07720538228750229,0.972,26.8,True
1,,1,0,25.0,0.05,16,1.2029880335101262,0.14750134944915771,0.15138350427150726,94.98,0.010310884401202163,0.07230362296104431,0.9794,26.3,True
1,,1,0,25.0,0.1,16,1.2123698524732593,0.14803668856620789,0.15239670872688293,94.89999999999999,0.0111210213959217,0.07255302369594574,0.979,27.2,True
1,,1,0,25.0,0.2,16,1.2199886503293518,0.14849843084812164,0.15324734151363373,94.96,0.01100310692787172,0.07261303812265396,0.9784,27.1,True
1,,1,0,50.0,0.05,16,1.1920104367007083,0.15433813631534576,0.1577823907136917,94.74000000000001,0.010137975874543223,0.07569921016693115,0.9742,26.6,True
1,,1,0,50.0,0.1,16,1.2073753910837919,0.15549230575561523,0.15966086089611053,94.74000000000001,0.011879218724370018,0.07610052824020386,0.9738,26.5,True
1,,1,0,50.0,0.2,16,1.2130263912293426,0.15548500418663025,0.15993474423885345,94.74000000000001,0.011628395521640784,0.07610942423343658,0.974,27.4,True
1,,1,1,100.0,0.05,16,1.3341371746913602,0.16097567975521088,0.1755191832780838,94.76,0.011918200993537877,0.07702723145484924,0.9834,26.5,True
1,,1,1,100.0,0.1,16,1.3418146482475017,0.16160684823989868,0.1771719753742218,94.84,0.01110002837181088,0.07706175744533539,0.9838,27.1,True
1,,1,1,100.0,0.2,16,1.3449867359123755,0.16199415922164917,0.17798705399036407,94.8,0.011449839758872956,0.07716003060340881,0.9834,27.3,True
1,,1,1,25.0,0.05,16,1.3311233701719183,0.15891066193580627,0.17307043075561523,94.89999999999999,0.011254518741369225,0.0760127454996109,0.9848,26.0,True
1,,1,1,25.0,0.1,16,1.3392404061761656,0.15963628888130188,0.1748531311750412,94.84,0.012334944528341298,0.0760672390460968,0.9844,27.2,True
1,,1,1,25.0,0.2,16,1.3414688733317368,0.15986530482769012,0.17539267241954803,94.89999999999999,0.011073500323295548,0.07609458267688751,0.9848,27.2,True
1,,1,1,50.0,0.05,16,1.333632503475178,0.16069777309894562,0.17516599595546722,94.76,0.011977701187133765,0.076900415122509,0.9834,26.7,True
1,,1,1,50.0,0.1,16,1.3415441379962558,0.16136550903320312,0.17687459290027618,94.82000000000001,0.011338555002212512,0.0769367665052414,0.984,27.4,True
1,,1,1,50.0,0.2,16,1.3443810402955745,0.16170813143253326,0.17760373651981354,94.84,0.011101534968614553,0.07701747119426727,0.9842,26.9,True
1,,2,0,100.0,0.05,16,0.8807444890830205,0.2503229081630707,0.2511289417743683,91.72,0.017217778408527375,0.12260752171278,0.937,25.9,True
1,,2,0,100.0,0.1,16,1.1037911768061843,0.16507183015346527,0.16581293940544128,94.5,0.004955576103925711,0.08143026381731033,0.9722,27.1,True
1,,2,0,100.0,0.2,16,1.1885783078668426,0.16478976607322693,0.1678144782781601,94.58,0.010302892482280723,0.0801745131611824,0.9734,26.5,True
1,,2,0,25.0,0.05,16,0.9573777120848885,0.18837951123714447,0.1884727030992508,93.54,0.01130469589531421,0.09349764138460159,0.9598,25.1,True
1,,2,0,25.0,0.1,16,1.139785574600719,0.15036389231681824,0.1517804116010666,94.92,0.006571605777740478,0.07459699362516403,0.9784,26.2,True
1,,2,0,25.0,0.2,16,1.1969791256758917,0.15096555650234222,0.1542687565088272,95.08,0.00836939880251885,0.07372723519802094,0.9794,25.8,True
1,,2,0,50.0,0.05,16,0.8732604310523606,0.23457933962345123,0.23544548451900482,92.17999999999999,0.017250824511051217,0.11577746272087097,0.9426,25.7,True
1,,2,0,50.0,0.1,16,1.1108527580420031,0.16226427257061005,0.16311828792095184,94.48,0.00617124809026715,0.08024021983146667,0.9738,26.4,True
1,,2,0,50.0,0.2,16,1.1859662924425916,0.1614900827407837,0.16440236568450928,94.6,0.009824264138936958,0.0787622407078743,0.9746,26.3,True
1,,2,1,100.0,0.05,16,1.0963868599124862,0.1690712720155716,0.16975346207618713,94.17999999999999,0.006873716682195687,0.08334411680698395,0.967,25.3,True
1,,2,1,100.0,0.1,16,1.2949703723534076,0.17320014536380768,0.18243277072906494,94.46,0.009880522587895416,0.08240679651498795,0.9676,27.0,True
1,,2,1,100.0,0.2,16,1.3493741444799385,0.17652930319309235,0.19121721386909485,94.38,0.010896116411685974,0.08266938477754593,0.9674,26.5,True
1,,2,1,25.0,0.05,16,1.1258564605617891,0.15600693225860596,0.1571986824274063,94.67999999999999,0.0065784719109534765,0.07697726786136627,0.973,25.9,True
1,,2,1,25.0,0.1,16,1.2947626089625301,0.1614135205745697,0.17066988348960876,94.92,0.010165402948856397,0.07687144726514816,0.9734,27.0,True
1,,2,1,25.0,0.2,16,1.335382365966719,0.16433019936084747,0.17741955816745758,94.89999999999999,0.011747916173934902,0.07734928280115128,0.9738,26.7,True
1,,2,1,50.0,0.05,16,1.1030127378173098,0.16675885021686554,0.16753779351711273,94.22,0.0068911890774965325,0.08206772059202194,0.9672,25.5,True
1,,2,1,50.0,0.1,16,1.2954977681546578,0.17101366817951202,0.18031184375286102,94.56,0.009806408810615501,0.08126988261938095,0.9684,26.9,True
1,,2,1,50.0,0.2,16,1.3472930891903014,0.1744401603937149,0.1888609677553177,94.46,0.01046419643163684,0.08176436275243759,0.9686,26.9,True
1,,3,0,100.0,0.05,64,99.99993582370774,4.823396682739258,20.18315315246582,9.92,0.8264781906604767,1.6615840196609497,0.1056,10.0,True
1,,3,0,100.0,0.1,64,99.99993582370774,6.87624454498291,21.014694213867188,9.92,0.8500958151698114,1.7057790756225586,0.1056,9.9,True
1,,3,0,100.0,0.2,64,99.99993582370774,6.513545513153076,19.50240707397461,9.92,0.8222143218874931,1.654847264289856,0.1056,10.3,True
1,,3,0,25.0,0.05,64,0.7501530697647686,0.13429538905620575,0.1414279341697693,95.3,0.006412322309613261,0.06709116697311401,0.9848,9.7,True
1,,3,0,25.0,0.1,64,0.6944466279669124,0.1386232227087021,0.1497102826833725,95.19999999999999,0.0077066468298434936,0.06799625605344772,0.9862,10.0,True
1,,3,0,25.0,0.2,64,0.5882242653784622,0.1460733562707901,0.16886308789253235,95.36,0.005596962791681294,0.0690992921590805,0.9806,10.5,True
1,,3,0,50.0,0.05,64,0.7179468200246737,1.761914849281311,1.7745007276535034,26.76,0.35891474103927606,0.9246084690093994,0.2744,9.6,True
1,,3,0,50.0,0.1,64,2.6179609913296327,2.149916887283325,2.293977737426758,16.06,0.20027481635510924,0.9006296992301941,0.167,9.8,True
1,,3,0,50.0,0.2,64,18.662001928603956,2.2975845336914062,3.349835157394409,10.0,0.03729726342260837,0.8995408415794373,0.1064,10.5,True
1,,3,1,100.0,0.05,64,99.99993582370774,2.8790602684020996,10.758034706115723,12.1,0.19739729799628256,1.0089505910873413,0.126,11.1,True
1,,3,1,100.0,0.1,64,99.99993582370774,3.0757715702056885,13.153790473937988,9.379999999999999,0.24712254289388658,1.0392005443572998,0.0948,11.5,True
1,,3,1,100.0,0.2,64,99.99984003443716,2.7901525497436523,12.95700740814209,10.72,0.20821699776649474,1.003420114517212,0.113,12.1,True
1,,3,1,25.0,0.05,64,1.052568981782361,0.14101926982402802,0.14136220514774323,95.3,0.008732779461145389,0.06800971925258636,0.9904,11.2,True
1,,3,1,25.0,0.1,64,0.7943290282404264,0.2757842242717743,0.2806134819984436,95.24000000000001,0.10964922370314596,0.09237883985042572,0.9854,11.6,True
1,,3,1,25.0,0.2,64,0.8126660234161115,0.2801005244255066,0.2842424809932709,95.24000000000001,0.11300183166265487,0.09463483840227127,0.9852,11.8,True
1,,3,1,50.0,0.05,64,0.6254555169360801,0.15216323733329773,0.1686324179172516,95.32000000000001,0.008426959356665596,0.0706888809800148,0.9842,11.6,True
1,,3,1,50.0,0.1,64,0.5229417327074296,0.3315522372722626,0.3632000982761383,94.44,0.1383762105405331,0.12043986469507217,0.9672,11.6,True
1,,3,1,50.0,0.2,64,0.45024435310743305,1.1060669422149658,1.1450045108795166,48.02,0.10527411767840386,0.5704200267791748,0.4902,11.9,True
2,,1,0,100.0,0.05,16,1.2272777322914439,0.16417798399925232,0.16929583251476288,94.48,0.010623589861392928,0.07826892286539078,0.9714,26.2,True
2,,1,0,100.0,0.1,16,1.2439916536320508,0.1647593379020691,0.17091430723667145,94.56,0.011142720079422002,0.0782753974199295,0.9716,27.0,True
2,,1,0,100.0,0.2,16,1.2492668107642537,0.1649235039949417,0.17144638299942017,94.54,0.011912682825326941,0.07829488813877106,0.9712,26.6,True
2,,1,0,25.0,0.05,16,1.2406839495620559,0.15337726473808289,0.1592366248369217,94.92,0.008959360671043349,0.07320410758256912,0.9788,26.2,True
2,,1,0,25.0,0.1,16,1.2511301085336737,0.15365095436573029,0.16018599271774292,94.84,0.00982673794627186,0.07309495657682419,0.9792,26.7,True
2,,1,0,25.0,0.2,16,1.2548445727320718,0.1535438746213913,0.16034799814224243,94.89999999999999,0.009532642781734437,0.07302885502576828,0.9794,27.9,True
2,,1,0,50.0,0.05,16,1.2295396228225537,0.16120123863220215,0.16642656922340393,94.74000000000001,0.00925290405154228,0.07698026299476624,0.9746,26.8,True
2,,1,0,50.0,0.1,16,1.2448540705139353,0.161745086312294,0.1679399311542511,94.76,0.009460830378532374,0.07690948247909546,0.9744,26.0,True
2,,1,0,50.0,0.2,16,1.2497550642299107,0.1617066115140915,0.16822192072868347,94.74000000000001,0.009799870669841736,0.07687471061944962,0.974,27.1,True
2,,1,1,100.0,0.05,16,1.3393514123423864,0.16032297909259796,0.1754712462425232,95.08,0.011779458916187256,0.07481159269809723,0.9814,25.9,True
2,,1,1,100.0,0.1,16,1.3462132213768787,0.16094765067100525,0.17697986960411072,95.14,0.01188135044574733,0.07492586225271225,0.982,27.6,True
2,,1,1,100.0,0.2,16,1.3490733798409607,0.1610904335975647,0.17752406001091003,95.12,0.011904028558731124,0.07495643198490143,0.982,27.9,True
2,,1,1,25.0,0.05,16,1.3353320722743314,0.15825600922107697,0.17289511859416962,95.22,0.01046998376250272,0.07386783510446548,0.9836,26.3,True
2,,1,1,25.0,0.1,16,1.3409156594231966,0.1587221622467041,0.17407773435115814,95.28,0.011551298263668968,0.0739433690905571,0.9836,26.4,True
2,,1,1,25.0,0.2,16,1.3441716663949037,0.15891586244106293,0.17466884851455688,95.24000000000001,0.011912315064668649,0.07398498803377151,0.9832,27.6,True
2,,1,1,50.0,0.05,16,1.3390341571476851,0.16010069847106934,0.1751694530248642,95.08,0.012202383655309667,0.07470430433750153,0.9814,25.9,True
2,,1,1,50.0,0.1,16,1.3453173784757726,0.16071079671382904,0.1766323745250702,95.16,0.011945930290222121,0.07482705265283585,0.9822,26.6,True
2,,1,1,50.0,0.2,16,1.3483574636916176,0.160854771733284,0.1771819144487381,95.12,0.01270604130029682,0.0748470202088356,0.982,27.8,True
2,,2,0,100.0,0.05,16,0.8966395009518503,0.23631030321121216,0.23689182102680206,92.30000000000001,0.014731588003039366,0.11672604829072952,0.9408,25.3,True
2,,2,0,100.0,0.1,16,1.1125100506998251,0.16477814316749573,0.1656496822834015,94.42,0.007824681138992267,0.08223430067300797,0.9702,25.8,True
2,,2,0,100.0,0.2,16,1.1966517851030347,0.16479171812534332,0.1680586189031601,94.44,0.01080290710330013,0.08073873817920685,0.9706,27.1,True
2,,2,0,25.0,0.05,16,1.006873507879628,0.18249785900115967,0.1825008988380432,94.0,0.008334083980321923,0.0895671620965004,0.961,25.0,True
2,,2,0,25.0,0.1,16,1.1588490209424058,0.14987435936927795,0.15178759396076202,94.94,0.007600570535659813,0.07359447330236435,0.9784,25.6,True
2,,2,0,25.0,0.2,16,1.209084074293087,0.15065690875053406,0.15448640286922455,94.98,0.008405170631408734,0.07302805036306381,0.9784,26.6,True
2,,2,0,50.0,0.05,16,0.9203841264053015,0.22476857900619507,0.22512300312519073,92.72,0.013964513877034224,0.11085720360279083,0.9472,25.5,True
2,,2,0,50.0,0.1,16,1.1181329196035603,0.16119152307510376,0.16216091811656952,94.48,0.008133532184362424,0.08022340387105942,0.9714,25.9,True
2,,2,0,50.0,0.2,16,1.197512248799126,0.16166599094867706,0.16496551036834717,94.56,0.01010160146951673,0.07913416624069214,0.9726,27.1,True
2,,2,1,100.0,0.05,16,1.1055683930171307,0.16553805768489838,0.16636712849140167,94.46,0.006329417854547491,0.08093908429145813,0.9696,25.9,True
2,,2,1,100.0,0.1,16,1.2842851891229825,0.16882212460041046,0.17715133726596832,94.52000000000001,0.009540772950649307,0.08049942553043365,0.971,26.4,True
2,,2,1,100.0,0.2,16,1.3353422260393986,0.17133499681949615,0.18434388935565948,94.58,0.009920724391937252,0.08081767708063126,0.971,27.5,True
2,,2,1,25.0,0.05,16,1.1479663504723445,0.15453025698661804,0.15629032254219055,94.86,0.007449191245436683,0.07485808432102203,0.9754,25.8,True
2,,2,1,25.0,0.1,16,1.2808451502427487,0.1579331010580063,0.16600561141967773,94.89999999999999,0.009658876973390563,0.07542424649000168,0.9772,26.5,True
2,,2,1,25.0,0.2,16,1.3217719726366493,0.15998458862304688,0.1716413050889969,94.96,0.01071022070050242,0.07556954026222229,0.9776,27.8,True
2,,2,1,50.0,0.05,16,1.1111332101574716,0.16335932910442352,0.1642819046974182,94.54,0.007429841560125324,0.0796949490904808,0.9704,25.7,True
2,,2,1,50.0,0.1,16,1.282055533452305,0.16680115461349487,0.17496351897716522,94.66,0.012633266526460681,0.07957206666469574,0.9728,26.5,True
2,,2,1,50.0,0.2,16,1.3323057185290768,0.16925469040870667,0.18194304406642914,94.66,0.011163814890384658,0.0798395499587059,0.9724,27.8,True
2,,3,0,100.0,0.05,64,99.99979232130457,3.7885332107543945,16.038677215576172,9.92,0.6777706122756005,1.4155112504959106,0.1036,9.9,True
2,,3,0,100.0,0.1,64,99.99993582370774,5.727456092834473,17.532529830932617,9.92,0.7664357836961746,1.5588566064834595,0.1036,10.3,True
2,,3,0,100.0,0.2,64,99.99993582370774,5.680196762084961,17.001811981201172,9.92,0.772926074552536,1.5693843364715576,0.1036,10.2,True
2,,3,0,25.0,0.05,64,0.7620465312152078,0.1321939378976822,0.13847436010837555,95.52000000000001,0.00630033934116361,0.06476946920156479,0.9868,9.7,True
2,,3,0,25.0,0.1,64,0.6951036626069629,0.13815565407276154,0.14826126396656036,95.26,0.0057973617434501235,0.06720644980669022,0.9842,10.1,True
2,,3,0,25.0,0.2,64,0.5976907607614057,0.1485629379749298,0.16873952746391296,95.26,0.006135353463888191,0.06957060843706131,0.98,10.1,True
2,,3,0,50.0,0.05,64,0.8544612628962123,1.7114866971969604,1.7147648334503174,27.32,0.2968030404806138,0.8763605356216431,0.278,10.1,True
2,,3,0,50.0,0.1,64,1.7123819329844687,1.9924136400222778,2.05238938331604,21.86,0.166468821054697,0.8698115348815918,0.2232,9.9,True
2,,3,0,50.0,0.2,64,6.406173940081311,2.260789632797241,2.9196383953094482,10.92,0.08787055018246173,0.8964080214500427,0.1134,10.4,True
2,,3,1,100.0,0.05,64,99.99993582370774,3.3284554481506348,17.846691131591797,9.92,0.6066392050266266,1.3170762062072754,0.1036,11.5,True
2,,3,1,100.0,0.1,64,99.99993582370774,3.585693836212158,17.375263214111328,9.92,0.6434025034785271,1.3690329790115356,0.1036,11.5,True
2,,3,1,100.0,0.2,64,99.99993582370774,3.373914957046509,18.981637954711914,9.92,0.6263970808148385,1.3452686071395874,0.1036,11.8,True
2,,3,1,25.0,0.05,64,1.0317763297752536,0.13619032502174377,0.13630841672420502,95.67999999999999,0.007654707431793238,0.06481637060642242,0.9884,11.2,True
2,,3,1,25.0,0.1,64,0.751775784544902,0.48045381903648376,0.48696357011795044,93.8,0.24079881153702734,0.21509882807731628,0.9586,11.3,True
2,,3,1,25.0,0.2,64,0.7635823555111999,0.30862361192703247,0.31502777338027954,95.0,0.13204675188064577,0.11548031866550446,0.9752,12.0,True
2,,3,1,50.0,0.05,64,0.5586154574641826,0.17039310932159424,0.19152522087097168,95.17999999999999,0.02675009644031528,0.07208982110023499,0.9812,11.2,True
2,,3,1,50.0,0.1,64,0.5529031950893781,0.5319337844848633,0.558763325214386,90.9,0.24471675933003426,0.26472631096839905,0.9222,11.6,True
2,,3,1,50.0,0.2,64,0.6085368411096287,1.236884593963623,1.257081389427185,9.94,0.5801639466524124,0.8510165810585022,0.1038,12.0,True
