method,split,metric,mean,se,n
base_energy,cross,ood_aupr_in,0.9733,0.0000,5
base_energy,cross,ood_aupr_out,0.9850,0.0000,5
base_energy,cross,ood_auroc,0.9801,0.0000,5
base_energy,cross,ood_fpr95,0.0818,0.0000,5
base_energy,far,ood_aupr_in,0.9960,0.0000,5
base_energy,far,ood_aupr_out,0.9744,0.0000,5
base_energy,far,ood_auroc,0.9897,0.0000,5
base_energy,far,ood_fpr95,0.0435,0.0000,5
base_energy,id_eval,id_accuracy,0.9250,0.0000,5
base_energy,id_eval,id_brier,0.1181,0.0000,5
base_energy,id_eval,id_ece,0.0317,0.0000,5
base_energy,id_eval,id_nll,0.3034,0.0000,5
base_energy,id_val,id_accuracy,0.9831,0.0000,5
base_energy,id_val,id_brier,0.0254,0.0000,5
base_energy,id_val,id_ece,0.0087,0.0000,5
base_energy,id_val,id_nll,0.0686,0.0000,5
base_energy,near,ood_aupr_in,0.9725,0.0000,5
base_energy,near,ood_aupr_out,0.8573,0.0000,5
base_energy,near,ood_auroc,0.9293,0.0000,5
base_energy,near,ood_fpr95,0.4250,0.0000,5
base_entropy,cross,ood_aupr_in,0.9468,0.0000,5
base_entropy,cross,ood_aupr_out,0.9741,0.0000,5
base_entropy,cross,ood_auroc,0.9644,0.0000,5
base_entropy,cross,ood_fpr95,0.1734,0.0000,5
base_entropy,far,ood_aupr_in,0.9920,0.0000,5
base_entropy,far,ood_aupr_out,0.9517,0.0000,5
base_entropy,far,ood_auroc,0.9784,0.0000,5
base_entropy,far,ood_fpr95,0.1169,0.0000,5
base_entropy,id_eval,id_accuracy,0.9250,0.0000,5
base_entropy,id_eval,id_brier,0.1181,0.0000,5
base_entropy,id_eval,id_ece,0.0317,0.0000,5
base_entropy,id_eval,id_nll,0.3034,0.0000,5
base_entropy,id_val,id_accuracy,0.9831,0.0000,5
base_entropy,id_val,id_brier,0.0254,0.0000,5
base_entropy,id_val,id_ece,0.0087,0.0000,5
base_entropy,id_val,id_nll,0.0686,0.0000,5
base_entropy,near,ood_aupr_in,0.9593,0.0000,5
base_entropy,near,ood_aupr_out,0.8095,0.0000,5
base_entropy,near,ood_auroc,0.9027,0.0000,5
base_entropy,near,ood_fpr95,0.4977,0.0000,5
base_msp,cross,ood_aupr_in,0.9358,0.0000,5
base_msp,cross,ood_aupr_out,0.9630,0.0000,5
base_msp,cross,ood_auroc,0.9536,0.0000,5
base_msp,cross,ood_fpr95,0.1942,0.0000,5
base_msp,far,ood_aupr_in,0.9888,0.0000,5
base_msp,far,ood_aupr_out,0.9217,0.0000,5
base_msp,far,ood_auroc,0.9683,0.0000,5
base_msp,far,ood_fpr95,0.1399,0.0000,5
base_msp,id_eval,id_accuracy,0.9250,0.0000,5
base_msp,id_eval,id_brier,0.1181,0.0000,5
base_msp,id_eval,id_ece,0.0317,0.0000,5
base_msp,id_eval,id_nll,0.3034,0.0000,5
base_msp,id_val,id_accuracy,0.9831,0.0000,5
base_msp,id_val,id_brier,0.0254,0.0000,5
base_msp,id_val,id_ece,0.0087,0.0000,5
base_msp,id_val,id_nll,0.0686,0.0000,5
base_msp,near,ood_aupr_in,0.9554,0.0000,5
base_msp,near,ood_aupr_out,0.7695,0.0000,5
base_msp,near,ood_auroc,0.8918,0.0000,5
base_msp,near,ood_fpr95,0.5110,0.0000,5
ffn_pnc,cross,ood_aupr_in,0.9508,0.0000,5
ffn_pnc,cross,ood_aupr_out,0.9765,0.0000,5
ffn_pnc,cross,ood_auroc,0.9675,0.0000,5
ffn_pnc,cross,ood_fpr95,0.1638,0.0004,5
ffn_pnc,far,ood_aupr_in,0.9929,0.0000,5
ffn_pnc,far,ood_aupr_out,0.9574,0.0001,5
ffn_pnc,far,ood_auroc,0.9810,0.0000,5
ffn_pnc,far,ood_fpr95,0.1057,0.0007,5
ffn_pnc,id_eval,id_accuracy,0.9255,0.0001,5
ffn_pnc,id_eval,id_brier,0.1178,0.0000,5
ffn_pnc,id_eval,id_ece,0.0309,0.0003,5
ffn_pnc,id_eval,id_nll,0.3013,0.0001,5
ffn_pnc,id_val,id_accuracy,0.9836,0.0002,5
ffn_pnc,id_val,id_brier,0.0256,0.0000,5
ffn_pnc,id_val,id_ece,0.0094,0.0004,5
ffn_pnc,id_val,id_nll,0.0689,0.0001,5
ffn_pnc,near,ood_aupr_in,0.9613,0.0000,5
ffn_pnc,near,ood_aupr_out,0.8177,0.0001,5
ffn_pnc,near,ood_auroc,0.9067,0.0000,5
ffn_pnc,near,ood_fpr95,0.4738,0.0014,5
head_pnc,cross,ood_aupr_in,0.9468,0.0001,5
head_pnc,cross,ood_aupr_out,0.9742,0.0000,5
head_pnc,cross,ood_auroc,0.9644,0.0000,5
head_pnc,cross,ood_fpr95,0.1749,0.0004,5
head_pnc,far,ood_aupr_in,0.9919,0.0000,5
head_pnc,far,ood_aupr_out,0.9516,0.0001,5
head_pnc,far,ood_auroc,0.9782,0.0000,5
head_pnc,far,ood_fpr95,0.1182,0.0006,5
head_pnc,id_eval,id_accuracy,0.9253,0.0001,5
head_pnc,id_eval,id_brier,0.1182,0.0000,5
head_pnc,id_eval,id_ece,0.0316,0.0002,5
head_pnc,id_eval,id_nll,0.3035,0.0001,5
head_pnc,id_val,id_accuracy,0.9842,0.0002,5
head_pnc,id_val,id_brier,0.0254,0.0000,5
head_pnc,id_val,id_ece,0.0085,0.0001,5
head_pnc,id_val,id_nll,0.0686,0.0000,5
head_pnc,near,ood_aupr_in,0.9595,0.0001,5
head_pnc,near,ood_aupr_out,0.8081,0.0001,5
head_pnc,near,ood_auroc,0.9021,0.0001,5
head_pnc,near,ood_fpr95,0.4960,0.0009,5
mc_dropout,cross,ood_aupr_in,0.9557,0.0002,5
mc_dropout,cross,ood_aupr_out,0.9776,0.0001,5
mc_dropout,cross,ood_auroc,0.9695,0.0001,5
mc_dropout,cross,ood_fpr95,0.1578,0.0012,5
mc_dropout,far,ood_aupr_in,0.9932,0.0001,5
mc_dropout,far,ood_aupr_out,0.9587,0.0002,5
mc_dropout,far,ood_auroc,0.9818,0.0001,5
mc_dropout,far,ood_fpr95,0.1040,0.0029,5
mc_dropout,id_eval,id_accuracy,0.9249,0.0003,5
mc_dropout,id_eval,id_brier,0.1136,0.0003,5
mc_dropout,id_eval,id_ece,0.0131,0.0003,5
mc_dropout,id_eval,id_nll,0.2833,0.0004,5
mc_dropout,id_val,id_accuracy,0.9846,0.0004,5
mc_dropout,id_val,id_brier,0.0253,0.0001,5
mc_dropout,id_val,id_ece,0.0126,0.0008,5
mc_dropout,id_val,id_nll,0.0696,0.0004,5
mc_dropout,near,ood_aupr_in,0.9672,0.0001,5
mc_dropout,near,ood_aupr_out,0.8320,0.0003,5
mc_dropout,near,ood_auroc,0.9170,0.0002,5
mc_dropout,near,ood_fpr95,0.4384,0.0025,5
uncorrected,cross,ood_aupr_in,0.9498,0.0020,5
uncorrected,cross,ood_aupr_out,0.9812,0.0002,5
uncorrected,cross,ood_auroc,0.9721,0.0003,5
uncorrected,cross,ood_fpr95,0.0916,0.0047,5
uncorrected,far,ood_aupr_in,0.9956,0.0001,5
uncorrected,far,ood_aupr_out,0.9738,0.0003,5
uncorrected,far,ood_auroc,0.9887,0.0001,5
uncorrected,far,ood_fpr95,0.0334,0.0009,5
uncorrected,id_eval,id_accuracy,0.9206,0.0006,5
uncorrected,id_eval,id_brier,0.4142,0.0185,5
uncorrected,id_eval,id_ece,0.5247,0.0163,5
uncorrected,id_eval,id_nll,1.0794,0.0414,5
uncorrected,id_val,id_accuracy,0.9848,0.0004,5
uncorrected,id_val,id_brier,0.3515,0.0203,5
uncorrected,id_val,id_ece,0.5578,0.0178,5
uncorrected,id_val,id_nll,0.8994,0.0426,5
uncorrected,near,ood_aupr_in,0.9463,0.0019,5
uncorrected,near,ood_aupr_out,0.8087,0.0022,5
uncorrected,near,ood_auroc,0.8852,0.0021,5
uncorrected,near,ood_fpr95,0.6931,0.0113,5
