factor,environment,metric,anchor_value,anchor_metric,curve_min,curve_max,curve_range,n_swept_values,min_seeds_per_value,verdict
scale,Ant-v5,id_rmse,8.0,0.6303842067718506,0.5947965758818167,0.646161143426542,0.05136456754472529,7,27,flat
scale,Ant-v5,far_nll,8.0,1.1105868021647136,0.9881198913962753,1.4693922555005108,0.48127236410423546,7,27,worse
scale,Ant-v5,far_auroc,8.0,0.9978463020370371,0.9974166699999999,0.9979760931481482,0.0005594231481482748,7,27,flat
scale,Ant-v5,far_spearman,8.0,0.8482334680696765,0.6267132517697113,0.8482334680696765,0.2215202162999652,7,27,worse
scale,HalfCheetah-v5,id_rmse,32.0,1.3398027817408245,1.3046637376149495,1.3659839895036485,0.06132025188869905,7,27,flat
scale,HalfCheetah-v5,far_nll,32.0,2.186953315028438,2.1218750211927624,2.4187091015003346,0.2968340803075722,7,27,worse
scale,HalfCheetah-v5,far_auroc,32.0,0.9872366683333333,0.9846787968518519,0.9872366683333333,0.002557871481481455,7,27,flat
scale,HalfCheetah-v5,far_spearman,32.0,0.28186701249774776,0.1739162419367774,0.3304634744864232,0.1565472325496458,7,27,worse
scale,Hopper-v5,id_rmse,32.0,0.18357799560935406,0.1732670962810516,0.18641698084495684,0.013149884563905229,7,27,flat
scale,Hopper-v5,far_nll,32.0,0.3539498812622494,0.3519000234427275,0.5379187177728724,0.18601869433014484,7,27,worse
scale,Hopper-v5,far_auroc,32.0,0.9806847922222223,0.9510126301851852,0.9811702501851852,0.030157619999999996,7,27,worse
scale,Hopper-v5,far_spearman,32.0,0.6390582712292177,0.5782608670520224,0.66170468608676,0.08344381903473763,7,27,worse
scale,Humanoid-v5,id_rmse,32.0,60.123224046495224,60.12041586416739,60.13357416788737,0.013158303719976061,7,27,flat
scale,Humanoid-v5,far_nll,32.0,4.010165046762537,3.979266811300207,4.150321898636995,0.17105508733678798,7,27,worse
scale,Humanoid-v5,far_auroc,32.0,0.3443490824074074,0.3181210509259259,0.36531383407407403,0.04719278314814812,7,27,worse
scale,Humanoid-v5,far_spearman,32.0,0.756825451954022,0.7270523776867807,0.7709479484454214,0.0438955707586407,7,27,worse
scale,HumanoidStandup-v5,id_rmse,8.0,41.32409872832122,40.90081737659596,42.092817306518555,1.191999929922595,7,27,flat
scale,HumanoidStandup-v5,far_nll,8.0,5.865887995119448,5.462116453382704,8.422907193501791,2.960790740119087,7,27,sharp
scale,HumanoidStandup-v5,far_auroc,8.0,0.9276984707407407,0.7677394711111112,0.9676706459259259,0.1999311748148147,7,27,sharp
scale,HumanoidStandup-v5,far_spearman,8.0,0.7170697647327373,0.7064681489997318,0.7556876724247521,0.04921952342502034,7,27,flat
scale,InvertedDoublePendulum-v5,id_rmse,16.0,0.04266555879551626,0.026415759590096146,0.9769250716154392,0.9505093120253431,7,26,sharp
scale,InvertedDoublePendulum-v5,far_nll,16.0,1.4183602333068848,1.4183602333068848,4.5870861273545485,3.1687258940476637,7,26,sharp
scale,InvertedDoublePendulum-v5,far_auroc,16.0,0.9957522492307693,0.9940690438461538,0.9969492090384615,0.0028801651923077154,7,26,flat
scale,InvertedDoublePendulum-v5,far_spearman,16.0,0.9338810579870972,0.8907972827520143,0.9809292623120075,0.09013197955999319,7,26,sharp
scale,InvertedPendulum-v5,id_rmse,16.0,0.015547427169692015,0.0154103533758853,0.1819460306030053,0.16653567722711998,7,26,sharp
scale,InvertedPendulum-v5,far_nll,16.0,-0.7121493957506922,-0.7924597547031366,1.1083761350466654,1.900835889749802,7,26,sharp
scale,InvertedPendulum-v5,far_auroc,16.0,0.9186127555769231,0.8610099765384616,0.9186127555769231,0.05760277903846156,7,26,sharp
scale,InvertedPendulum-v5,far_spearman,16.0,0.72573337910235,0.533696358130057,0.9666855289877728,0.4329891708577158,7,26,sharp
scale,Pusher-v5,id_rmse,8.0,0.054730357888799396,0.05403683965022744,0.05652575424084291,0.002488914590615475,7,26,flat
scale,Pusher-v5,far_nll,8.0,0.7112529140252334,0.7112529140252334,2.892648302591764,2.1813953885665307,7,26,worse
scale,Pusher-v5,far_auroc,8.0,0.9999968969230769,0.9963047059615384,0.9999997815384615,0.003695075576923057,7,26,flat
scale,Pusher-v5,far_spearman,8.0,0.8618079807495025,0.7198424256238739,0.9047373167589683,0.18489489113509439,7,26,sharp
scale,Reacher-v5,id_rmse,8.0,0.08917244294515017,0.08501574683647885,0.24128031959900487,0.15626457276252603,7,26,worse
scale,Reacher-v5,far_nll,8.0,0.09348944975779604,-0.038145985740881676,1.3668994032419646,1.4050453889828463,7,26,sharp
scale,Reacher-v5,far_auroc,8.0,0.9932317342307692,0.9777514919230769,0.9932556174999999,0.015504125576923045,7,26,flat
scale,Reacher-v5,far_spearman,8.0,0.8758561766018444,0.8334294238836927,0.8892205600580406,0.055791136174347944,7,26,worse
scale,Swimmer-v5,id_rmse,8.0,0.06351186983563278,0.03399407594568195,0.8894288744087573,0.8554347984630754,7,27,sharp
scale,Swimmer-v5,far_nll,8.0,1.450780612451059,0.7142914290781375,4.519369699336864,3.8050782702587265,7,27,sharp
scale,Swimmer-v5,far_auroc,8.0,0.995208498888889,0.9926133718518518,0.9990528805555555,0.006439508703703689,7,27,flat
scale,Swimmer-v5,far_spearman,8.0,0.7310512229953162,0.6252376572166649,0.9127038785213388,0.2874662213046739,7,27,sharp
scale,Walker2d-v5,id_rmse,16.0,0.6138927053522181,0.5838303830888536,0.639195183912913,0.05536480082405937,7,27,flat
scale,Walker2d-v5,far_nll,16.0,2.390735723354198,1.8877046329003793,7.155784712897407,5.268080079997027,7,27,sharp
scale,Walker2d-v5,far_auroc,16.0,0.9977864733333334,0.9781422685185185,0.9986988892592592,0.020556620740740716,7,27,flat
scale,Walker2d-v5,far_spearman,16.0,0.3533004039871244,0.33969962099461837,0.35961314584431153,0.019913524849693165,7,27,flat
rank,Ant-v5,id_rmse,20.0,0.6303842067718506,0.6233533885743883,0.6370493063220272,0.013695917747638897,8,27,flat
rank,Ant-v5,far_nll,20.0,1.1105868021647136,1.1085371772448223,1.126411203984861,0.017874026740038795,8,27,flat
rank,Ant-v5,far_auroc,20.0,0.9978463020370371,0.9975259683333333,0.9979264231481482,0.00040045481481487677,8,27,flat
rank,Ant-v5,far_spearman,20.0,0.8482334680696765,0.835193771595867,0.854843212398018,0.01964944080215092,8,27,flat
rank,HalfCheetah-v5,id_rmse,20.0,1.3398027817408245,1.3376315611380118,1.3801389623571325,0.042507401219120666,8,27,flat
rank,HalfCheetah-v5,far_nll,20.0,2.186953315028438,2.156710240576002,2.3020041827802307,0.14529394220422853,8,27,worse
rank,HalfCheetah-v5,far_auroc,20.0,0.9872366683333333,0.9855876396296296,0.9872366683333333,0.0016490287037037588,8,27,flat
rank,HalfCheetah-v5,far_spearman,20.0,0.28186701249774776,0.2636268531450346,0.31446054451414357,0.05083369136910898,8,27,flat
rank,Hopper-v5,id_rmse,20.0,0.18357799560935406,0.1833983190633632,0.19385207747971567,0.01045375841635246,8,27,worse
rank,Hopper-v5,far_nll,20.0,0.3539498812622494,0.3539498812622494,0.7184245751963722,0.36447469393412274,8,27,worse
rank,Hopper-v5,far_auroc,20.0,0.9806847922222223,0.9704812935185184,0.9830352109259259,0.012553917407407522,8,27,flat
rank,Hopper-v5,far_spearman,20.0,0.6390582712292177,0.5873038090537999,0.6390582712292177,0.05175446217541779,8,27,worse
rank,Humanoid-v5,id_rmse,20.0,60.123224046495224,60.123224046495224,60.126859735559535,0.0036356890643105544,8,27,flat
rank,Humanoid-v5,far_nll,20.0,4.010165046762537,4.006818329846418,4.0958688788943824,0.08905054904796472,8,27,flat
rank,Humanoid-v5,far_auroc,20.0,0.3443490824074074,0.33267471518518515,0.34467800851851854,0.012003293333333387,8,27,flat
rank,Humanoid-v5,far_spearman,20.0,0.756825451954022,0.756825451954022,0.7643934849586054,0.007568033004583419,8,27,flat
rank,HumanoidStandup-v5,id_rmse,20.0,41.32409872832122,41.286827581900134,41.44324203773781,0.15641445583767677,8,27,flat
rank,HumanoidStandup-v5,far_nll,20.0,5.865887995119448,5.849008206967954,6.091662424582022,0.24265421761406802,8,27,worse
rank,HumanoidStandup-v5,far_auroc,20.0,0.9276984707407407,0.9069530612962963,0.9284742653703704,0.021521204074074096,8,27,worse
rank,HumanoidStandup-v5,far_spearman,20.0,0.7170697647327373,0.7024633892070049,0.7176313564880261,0.01516796728102121,8,27,flat
rank,InvertedDoublePendulum-v5,id_rmse,20.0,0.04266555879551626,0.04266555879551626,0.08514238166837734,0.04247682287286108,8,26,sharp
rank,InvertedDoublePendulum-v5,far_nll,20.0,1.4183602333068848,1.3526708162747896,1.8033022788854747,0.4506314626106851,8,26,sharp
rank,InvertedDoublePendulum-v5,far_auroc,20.0,0.9957522492307693,0.9947271996153847,0.9957522492307693,0.0010250496153846322,8,26,flat
rank,InvertedDoublePendulum-v5,far_spearman,20.0,0.9338810579870972,0.9326247746139043,0.9500233383142705,0.0173985637003663,8,26,flat
rank,InvertedPendulum-v5,id_rmse,20.0,0.015547427169692015,0.015483507026846553,0.016409675680244155,0.0009261686533976014,8,26,worse
rank,InvertedPendulum-v5,far_nll,20.0,-0.7121493957506922,-0.7290979048523766,-0.5621814693395908,0.1669164355127858,8,26,worse
rank,InvertedPendulum-v5,far_auroc,20.0,0.9186127555769231,0.9137491792307693,0.9204483636538462,0.0066991844230769315,8,26,flat
rank,InvertedPendulum-v5,far_spearman,20.0,0.72573337910235,0.6984833346405512,0.7324960208196178,0.03401268617906661,8,26,worse
rank,Pusher-v5,id_rmse,20.0,0.054730357888799396,0.05469457260691198,0.055842735589696775,0.0011481629827847922,8,26,flat
rank,Pusher-v5,far_nll,20.0,0.7112529140252334,0.7112529140252334,0.8233175942530999,0.11206468022786653,8,26,worse
rank,Pusher-v5,far_auroc,20.0,0.9999968969230769,0.9999810442307692,0.9999977615384616,1.671730769248203e-05,8,26,flat
rank,Pusher-v5,far_spearman,20.0,0.8618079807495025,0.8026069592551669,0.8626528898967407,0.06004593064157382,8,26,worse
rank,Reacher-v5,id_rmse,20.0,0.08917244294515017,0.08903728052973744,0.09123952572162332,0.0022022451918858738,8,26,flat
rank,Reacher-v5,far_nll,20.0,0.09348944975779604,0.08847321039782118,0.09348944975779604,0.005016239359974861,8,26,flat
rank,Reacher-v5,far_auroc,20.0,0.9932317342307692,0.9931649246153846,0.9933195007692308,0.0001545761538461754,8,26,flat
rank,Reacher-v5,far_spearman,20.0,0.8758561766018444,0.8666376999230871,0.8812625438073312,0.01462484388424401,8,26,flat
rank,Swimmer-v5,id_rmse,20.0,0.06351186983563278,0.06049644602117712,0.09928859342579485,0.038792147404617734,8,27,sharp
rank,Swimmer-v5,far_nll,20.0,1.450780612451059,1.3009481010613617,1.6379263908774764,0.33697828981611466,8,27,worse
rank,Swimmer-v5,far_auroc,20.0,0.995208498888889,0.993883637037037,0.996157705925926,0.002274068888889036,8,27,flat
rank,Swimmer-v5,far_spearman,20.0,0.7310512229953162,0.6805692490776304,0.7712924707577946,0.09072322168016422,8,27,sharp
rank,Walker2d-v5,id_rmse,20.0,0.6138927053522181,0.6138122081756592,0.630723668469323,0.01691146029366386,8,27,flat
rank,Walker2d-v5,far_nll,20.0,2.390735723354198,2.3633607228597007,3.2436442728395813,0.8802835499798807,8,27,worse
rank,Walker2d-v5,far_auroc,20.0,0.9977864733333334,0.9956791512962964,0.9979343916666666,0.0022552403703702817,8,27,flat
rank,Walker2d-v5,far_spearman,20.0,0.3533004039871244,0.34782296167919946,0.35867410280731343,0.010851141128113972,8,27,flat
bootstrap,Ant-v5,id_rmse,0.1,0.6303842067718506,0.5893944810937952,0.6420240269766914,0.052629545882896145,9,27,flat
bootstrap,Ant-v5,far_nll,0.1,1.1105868021647136,1.0347339378462896,1.2099957112912778,0.17526177344498817,9,27,flat
bootstrap,Ant-v5,far_auroc,0.1,0.9978463020370371,0.9967174533333334,0.9985377727777779,0.001820319444444496,9,27,flat
bootstrap,Ant-v5,far_spearman,0.1,0.8482334680696765,0.7942470470786718,0.8779378608396159,0.08369081376094412,9,27,worse
bootstrap,HalfCheetah-v5,id_rmse,0.3,1.3398027817408245,1.3210855854882135,92.24609035915799,90.92500477366977,9,27,worse
bootstrap,HalfCheetah-v5,far_nll,0.3,2.186953315028438,2.186953315028438,7.3837877732736095,5.1968344582451715,9,27,sharp
bootstrap,HalfCheetah-v5,far_auroc,0.3,0.9872366683333333,0.9806794668518519,0.9874284351851853,0.006748968333333383,9,27,flat
bootstrap,HalfCheetah-v5,far_spearman,0.3,0.28186701249774776,0.11223138533646095,0.9371308010651965,0.8248994157287356,9,27,sharp
bootstrap,Hopper-v5,id_rmse,0.3,0.18357799560935406,0.18193451839464678,9.18622703022427,9.004292511829624,9,27,worse
bootstrap,Hopper-v5,far_nll,0.3,0.3539498812622494,0.3215442429538126,4.980316638946533,4.65877239599272,9,27,worse
bootstrap,Hopper-v5,far_auroc,0.3,0.9806847922222223,0.9429858188888889,0.9840290735185185,0.041043254629629655,9,27,worse
bootstrap,Hopper-v5,far_spearman,0.3,0.6390582712292177,0.6028319053161397,0.9303298373559505,0.3274979320398108,9,27,sharp
bootstrap,Humanoid-v5,id_rmse,0.3,60.123224046495224,60.1192828990795,230.64879749439382,170.5295145953143,9,27,worse
bootstrap,Humanoid-v5,far_nll,0.3,4.010165046762537,3.7667616738213434,6.8300590691743075,3.063297395352964,9,27,worse
bootstrap,Humanoid-v5,far_auroc,0.3,0.3443490824074074,0.3259328787037037,0.7597679914814814,0.43383511277777775,9,27,flat
bootstrap,Humanoid-v5,far_spearman,0.3,0.756825451954022,0.728695569632229,0.9556133277633864,0.22691775813115733,9,27,worse
bootstrap,HumanoidStandup-v5,id_rmse,0.2,41.32409872832122,40.823031178227176,84.02932400173611,43.20629282350894,9,27,worse
bootstrap,HumanoidStandup-v5,far_nll,0.2,5.865887995119448,5.4832206125612615,8.378056755772343,2.894836143211082,9,27,sharp
bootstrap,HumanoidStandup-v5,far_auroc,0.2,0.9276984707407407,0.7638070646296297,0.9798041387037038,0.2159970740740741,9,27,sharp
bootstrap,HumanoidStandup-v5,far_spearman,0.2,0.7170697647327373,0.6571878349909152,0.965869369591712,0.30868153460079684,9,27,sharp
bootstrap,InvertedDoublePendulum-v5,id_rmse,0.05,0.04266555879551626,0.03451709137656362,0.1168210675510076,0.08230397617444399,9,26,sharp
bootstrap,InvertedDoublePendulum-v5,far_nll,0.05,1.4183602333068848,1.4183602333068848,2.835205458677732,1.4168452253708472,9,26,sharp
bootstrap,InvertedDoublePendulum-v5,far_auroc,0.05,0.9957522492307693,0.995250916923077,0.9975020728846153,0.0022511559615383536,9,26,flat
bootstrap,InvertedDoublePendulum-v5,far_spearman,0.05,0.9338810579870972,0.9338810579870972,0.9832518402248951,0.049370782237797894,9,26,flat
bootstrap,InvertedPendulum-v5,id_rmse,0.05,0.015547427169692015,0.015362160226616673,0.015547427169692015,0.00018526694307534168,9,26,flat
bootstrap,InvertedPendulum-v5,far_nll,0.05,-0.7121493957506922,-0.7121493957506922,1.4957383991434023,2.2078877948940945,9,26,sharp
bootstrap,InvertedPendulum-v5,far_auroc,0.05,0.9186127555769231,0.8635715363461538,0.9186127555769231,0.05504121923076932,9,26,sharp
bootstrap,InvertedPendulum-v5,far_spearman,0.05,0.72573337910235,0.52609321436092,0.72573337910235,0.19964016474142998,9,26,sharp
bootstrap,Pusher-v5,id_rmse,0.1,0.054730357888799396,0.054071263911632333,0.05852494775675805,0.004453683845125719,9,26,worse
bootstrap,Pusher-v5,far_nll,0.1,0.7112529140252334,0.7078931767206925,1.184429136606363,0.47653595988567055,9,26,worse
bootstrap,Pusher-v5,far_auroc,0.1,0.9999968969230769,0.9996495107692307,0.9999998926923077,0.00035038192307701443,9,26,flat
bootstrap,Pusher-v5,far_spearman,0.1,0.8618079807495025,0.7595695266070049,0.9148684923387843,0.15529896573177937,9,26,sharp
bootstrap,Reacher-v5,id_rmse,0.05,0.08917244294515017,0.08480571840818106,0.08917244294515017,0.0043667245369691104,9,26,flat
bootstrap,Reacher-v5,far_nll,0.05,0.09348944975779604,0.023992859865896967,1.256798083965595,1.232805224099698,9,26,sharp
bootstrap,Reacher-v5,far_auroc,0.05,0.9932317342307692,0.9885757603846154,0.9932317342307692,0.004655973846153794,9,26,flat
bootstrap,Reacher-v5,far_spearman,0.05,0.8758561766018444,0.8758561766018444,0.8906060652293051,0.014749888627460628,9,26,flat
bootstrap,Swimmer-v5,id_rmse,0.05,0.06351186983563278,0.029883428580231096,0.06351186983563278,0.03362844125540169,9,27,flat
bootstrap,Swimmer-v5,far_nll,0.05,1.450780612451059,0.6313997838232253,1.450780612451059,0.8193808286278337,9,27,flat
bootstrap,Swimmer-v5,far_auroc,0.05,0.995208498888889,0.995208498888889,0.9997288492592593,0.004520350370370352,9,27,flat
bootstrap,Swimmer-v5,far_spearman,0.05,0.7310512229953162,0.6155175950228126,0.7310512229953162,0.11553362797250366,9,27,sharp
bootstrap,Walker2d-v5,id_rmse,0.3,0.6138927053522181,0.6111033073178044,0.6739483674367269,0.06284506011892255,9,27,worse
bootstrap,Walker2d-v5,far_nll,0.3,2.390735723354198,1.7004799533773352,3.0078528192308216,1.3073728658534864,9,27,sharp
bootstrap,Walker2d-v5,far_auroc,0.3,0.9977864733333334,0.9930700001851852,0.9979024744444445,0.004832474259259256,9,27,flat
bootstrap,Walker2d-v5,far_spearman,0.3,0.3533004039871244,0.3427604976999099,0.408475580897616,0.06571508319770608,9,27,flat
ridge,Ant-v5,id_rmse,0.0001,0.6303842067718506,0.5829855159476951,1.044565408318131,0.46157989237043595,9,27,sharp
ridge,Ant-v5,far_nll,0.0001,1.1105868021647136,1.0163961317804124,8.192367332952994,7.175971201172581,9,27,sharp
ridge,Ant-v5,far_auroc,0.0001,0.9978463020370371,0.7556026057407408,0.9978795105555556,0.2422769048148148,9,27,worse
ridge,Ant-v5,far_spearman,0.0001,0.8482334680696765,0.16352478481295418,0.8936761991367014,0.7301514143237472,9,27,sharp
ridge,HalfCheetah-v5,id_rmse,0.0001,1.3398027817408245,1.3248608465547915,1.3582511566303395,0.033390310075547935,9,27,flat
ridge,HalfCheetah-v5,far_nll,0.0001,2.186953315028438,2.1221027595025523,3.0492525939588195,0.9271498344562672,9,27,sharp
ridge,HalfCheetah-v5,far_auroc,0.0001,0.9872366683333333,0.9850472788888889,0.9877279394444444,0.002680660555555492,9,27,flat
ridge,HalfCheetah-v5,far_spearman,0.0001,0.28186701249774776,0.11751574391852726,0.40012715090854484,0.2826114069900176,9,27,sharp
ridge,Hopper-v5,id_rmse,0.0001,0.18357799560935406,0.18340396881103513,0.18495554614950105,0.0015515773384659204,9,27,flat
ridge,Hopper-v5,far_nll,0.0001,0.3539498812622494,0.3017254758764196,0.4363807439804077,0.1346552681039881,9,27,flat
ridge,Hopper-v5,far_auroc,0.0001,0.9806847922222223,0.9539916794444444,0.9819772264814816,0.02798554703703715,9,27,worse
ridge,Hopper-v5,far_spearman,0.0001,0.6390582712292177,0.6322019272952365,0.6467405004995777,0.014538573204341154,9,27,flat
ridge,Humanoid-v5,id_rmse,0.01,60.123224046495224,60.12283395837854,606.4819405167191,546.3591065583405,9,27,worse
ridge,Humanoid-v5,far_nll,0.01,4.010165046762537,4.00842637485928,4.048864859121817,0.0404384842625376,9,27,flat
ridge,Humanoid-v5,far_auroc,0.01,0.3443490824074074,0.32017646981481485,0.38293177740740736,0.06275530759259251,9,27,worse
ridge,Humanoid-v5,far_spearman,0.01,0.756825451954022,0.6955900186839581,0.771043985395525,0.0754539667115669,9,27,worse
ridge,HumanoidStandup-v5,id_rmse,0.01,41.32409872832122,40.99590591148094,585.6609759860569,544.665070074576,9,27,worse
ridge,HumanoidStandup-v5,far_nll,0.01,5.865887995119448,5.778960386912028,7.398119290669759,1.6191589037577305,9,27,sharp
ridge,HumanoidStandup-v5,far_auroc,0.01,0.9276984707407407,0.8373938101851851,0.9736158311111112,0.13622202092592606,9,27,sharp
ridge,HumanoidStandup-v5,far_spearman,0.01,0.7170697647327373,0.7154107460978594,0.9041885706032466,0.18877782450538727,9,27,flat
ridge,InvertedDoublePendulum-v5,id_rmse,0.0001,0.04266555879551626,0.02610710359966521,0.7669557023506898,0.7408485987510246,9,26,sharp
ridge,InvertedDoublePendulum-v5,far_nll,0.0001,1.4183602333068848,1.3055940660146566,4.254310286962069,2.948716220947412,9,26,sharp
ridge,InvertedDoublePendulum-v5,far_auroc,0.0001,0.9957522492307693,0.9945715561538461,0.9971411323076923,0.0025695761538462314,9,26,flat
ridge,InvertedDoublePendulum-v5,far_spearman,0.0001,0.9338810579870972,0.9101799155643828,0.9738387070619279,0.06365879149754505,9,26,sharp
ridge,InvertedPendulum-v5,id_rmse,0.0001,0.015547427169692015,0.015425141023185342,0.13420971010166863,0.11878456907848328,9,26,sharp
ridge,InvertedPendulum-v5,far_nll,0.0001,-0.7121493957506922,-0.8736551048663946,1.0070868822244496,1.8807419870908442,9,26,sharp
ridge,InvertedPendulum-v5,far_auroc,0.0001,0.9186127555769231,0.8688387100000001,0.9398206713461538,0.07098196134615364,9,26,sharp
ridge,InvertedPendulum-v5,far_spearman,0.0001,0.72573337910235,0.6084884402424545,0.9666939161589856,0.35820547591653107,9,26,sharp
ridge,Pusher-v5,id_rmse,0.0001,0.054730357888799396,0.054468268815141406,0.055333696019190956,0.00086542720404955,9,26,flat
ridge,Pusher-v5,far_nll,0.0001,0.7112529140252334,0.7112529140252334,3.6460239520439734,2.93477103801874,9,26,sharp
ridge,Pusher-v5,far_auroc,0.0001,0.9999968969230769,0.9974992467307693,0.9999968969230769,0.002497650192307632,9,26,flat
ridge,Pusher-v5,far_spearman,0.0001,0.8618079807495025,0.8031084312472072,0.8793871216910174,0.0762786904438102,9,26,worse
ridge,Reacher-v5,id_rmse,0.0001,0.08917244294515017,0.08613463835074348,0.33609882856790835,0.24996419021716487,9,26,sharp
ridge,Reacher-v5,far_nll,0.0001,0.09348944975779604,-0.02939760707466539,1.603072308577024,1.6324699156516893,9,26,sharp
ridge,Reacher-v5,far_auroc,0.0001,0.9932317342307692,0.9534607773076923,0.9932317342307692,0.03977095692307686,9,26,sharp
ridge,Reacher-v5,far_spearman,0.0001,0.8758561766018444,0.8493853607338828,0.8761035917149224,0.026718230981039537,9,26,worse
ridge,Swimmer-v5,id_rmse,0.0001,0.06351186983563278,0.03084486681554047,0.6653861624223215,0.6345412956067811,9,27,sharp
ridge,Swimmer-v5,far_nll,0.0001,1.450780612451059,0.7004353183287161,4.336714400185479,3.636279081856763,9,27,sharp
ridge,Swimmer-v5,far_auroc,0.0001,0.995208498888889,0.995208498888889,0.9994360168518518,0.0042275179629628346,9,27,flat
ridge,Swimmer-v5,far_spearman,0.0001,0.7310512229953162,0.43250550684399874,0.9083656525380103,0.4758601456940115,9,27,sharp
ridge,Walker2d-v5,id_rmse,0.01,0.6138927053522181,0.6138484654603181,0.6163210559774328,0.002472590517114681,9,27,flat
ridge,Walker2d-v5,far_nll,0.01,2.390735723354198,1.98244544311806,3.1147550212012396,1.1323095780831796,9,27,sharp
ridge,Walker2d-v5,far_auroc,0.01,0.9977864733333334,0.9943642892592592,0.9980749805555555,0.003710691296296309,9,27,flat
ridge,Walker2d-v5,far_spearman,0.01,0.3533004039871244,0.3214242141131255,0.35674803358792884,0.03532381947480334,9,27,worse
