environment,factor,factor_value,id_rmse,far_nll,far_auroc,far_spearman
Ant-v5,bootstrap,0.0,0.5893944810937952,1.0646040274037256,0.9967174533333333,0.7942470470786718
Ant-v5,bootstrap,0.05,0.6420240269766914,1.0347339378462896,0.9973428092592592,0.8384056048098647
Ant-v5,bootstrap,0.075,0.6338691910107931,1.0983228352334764,0.9976463425925928,0.8339461637117795
Ant-v5,bootstrap,0.1,0.6303842067718506,1.1105868021647136,0.9978463020370371,0.8482334680696765
Ant-v5,bootstrap,0.15,0.6182719535297818,1.1132442553838093,0.9981052214814815,0.8397340111476064
Ant-v5,bootstrap,0.2,0.6138689716657003,1.1296009200590629,0.998337617037037,0.8445933797681072
Ant-v5,bootstrap,0.3,0.6079630498532895,1.1461444784093786,0.9985130231481484,0.8697715632488376
Ant-v5,bootstrap,0.5,0.6030297367661087,1.1958353298681754,0.9985377727777777,0.8779378608396159
Ant-v5,bootstrap,0.99,0.5998749490137454,1.2099957112912778,0.9984303637037037,0.8695945283729707
Ant-v5,calib,1024,0.6101689669820998,2.1483115752538047,0.9862838174074076,0.4634012048561677
Ant-v5,calib,2048,0.6465347983219005,1.0408295657899644,0.9971579627777779,0.8400392875620264
Ant-v5,calib,4096,0.6303702548698142,1.110601286093394,0.997846402037037,0.8481608458716432
Ant-v5,calib,512,0.59119654584814,5.952058271125511,0.8176475142592592,0.1954346818317248
Ant-v5,calib,8192,0.6137879115563852,1.117791442959397,0.9979140177777778,0.8441614150758281
Ant-v5,layer,first,0.6162286952689842,1.0996488277558927,0.9978216377777778,0.8713631848416644
Ant-v5,layer,multi,0.6303842067718506,1.1105868021647136,0.9978463020370371,0.8482334680696765
Ant-v5,rank,1,0.6370493063220272,1.122657318909963,0.9975259683333333,0.854843212398018
Ant-v5,rank,10,0.6309189686068782,1.1231348293798942,0.997869577037037,0.8363123365098224
Ant-v5,rank,15,0.6292314374888385,1.126411203984861,0.9979264231481482,0.8459737429945773
Ant-v5,rank,2,0.634588725037045,1.117112108954677,0.9977962133333333,0.8545766465930724
Ant-v5,rank,20,0.6303842067718506,1.1105868021647136,0.9978463020370371,0.8482334680696765
Ant-v5,rank,30,0.6274329247298064,1.1227014440077323,0.9979149785185184,0.8452213193888092
Ant-v5,rank,40,0.6233533885743883,1.1126852256280404,0.9979030414814815,0.8446693124136228
Ant-v5,rank,5,0.6258221489411814,1.1085371772448223,0.9978036044444444,0.8351937715958669
Ant-v5,ridge,0.0,1.044565408318131,2.5172929101520114,0.9976495477777776,0.8936761991367015
Ant-v5,ridge,0.0001,0.6303842067718506,1.1105868021647136,0.9978463020370371,0.8482334680696765
Ant-v5,ridge,0.0003,0.6054697963926527,1.0163961317804124,0.9977366631481481,0.7566796530706132
Ant-v5,ridge,0.001,0.5937550310735349,1.6787373843016449,0.9972190270370369,0.5675311031135879
Ant-v5,ridge,0.003,0.5890569664813854,3.23122814628813,0.994294225925926,0.3931714398222987
Ant-v5,ridge,0.01,0.5862631223819874,5.28835975240778,0.9755902600000002,0.269810537584067
Ant-v5,ridge,0.1,0.5836320364916766,7.660009691008815,0.8466601835185186,0.17575504589483726
Ant-v5,ridge,1.0,0.5829855159476951,8.192367332952994,0.7556026057407407,0.1635247848129542
Ant-v5,ridge,1e-05,0.8079726982999731,1.9810487694210477,0.9978795105555556,0.888631122400629
Ant-v5,scale,0.25x,0.5947965758818167,1.3142116091869496,0.99741667,0.6267132517697114
Ant-v5,scale,0.5x,0.6072452267011007,0.9881198913962753,0.9979293766666666,0.8132051847049229
Ant-v5,scale,0.75x,0.618644999133216,1.0547277706640739,0.9979760931481481,0.8354922101309818
Ant-v5,scale,1.0x,0.6303842067718506,1.1105868021647136,0.9978463020370371,0.8482334680696765
Ant-v5,scale,1.5x,0.6395135301130789,1.1879058281580608,0.9976574116666667,0.8441450210628844
Ant-v5,scale,2.0x,0.6424770443527786,1.240412994667336,0.9976271768518518,0.8292467901640906
Ant-v5,scale,4.0x,0.646161143426542,1.4693922555005108,0.9974731427777777,0.8327917078023779
HalfCheetah-v5,bootstrap,0.0,1.3210855854882135,3.258523808585273,0.9869853896296297,0.11223138533646099
HalfCheetah-v5,bootstrap,0.05,92.24609035915799,7.3837877732736095,0.9806794668518519,0.9371308010651964
HalfCheetah-v5,bootstrap,0.075,2.5569125458046242,3.8778806615758827,0.9868810640740742,0.8950830199962818
HalfCheetah-v5,bootstrap,0.1,1.7378289390493322,3.22012781213831,0.9869944694444444,0.8068561807919615
HalfCheetah-v5,bootstrap,0.15,1.4222041456787675,2.543863618815387,0.9874284351851853,0.5816930794125915
HalfCheetah-v5,bootstrap,0.2,1.3685736788643732,2.279188209109836,0.9868458005555555,0.4132682828129162
HalfCheetah-v5,bootstrap,0.3,1.3398027817408245,2.186953315028438,0.9872366683333333,0.28186701249774776
HalfCheetah-v5,bootstrap,0.5,1.3304944965574477,2.3277404882289745,0.9872190474074074,0.18708945718603404
HalfCheetah-v5,bootstrap,0.99,1.3226564327875774,2.710257331530253,0.9872551664814815,0.13631368964706864
HalfCheetah-v5,calib,1024,3.279284680331195,4.116988906153926,0.9871383855555556,0.8905482242596879
HalfCheetah-v5,calib,2048,1.4607412064516987,2.6850261908990367,0.9876366549999999,0.6453284569458326
HalfCheetah-v5,calib,4096,1.3397948962670785,2.1869791172168873,0.9872386253703703,0.28191305380570825
HalfCheetah-v5,calib,512,23440.355039243346,10.93334088502107,0.9498439401851853,0.9698860845221545
HalfCheetah-v5,calib,8192,1.3246625794304743,2.5192537086981313,0.9870630512962963,0.15368405528681703
HalfCheetah-v5,layer,first,1.3017342002303511,4.072315834186695,0.9839102894444445,0.12599949064017593
HalfCheetah-v5,layer,multi,1.3398027817408245,2.186953315028438,0.9872366683333333,0.28186701249774776
HalfCheetah-v5,rank,1,1.3801389623571325,2.3020041827802307,0.9855876396296297,0.3144605445141436
HalfCheetah-v5,rank,10,1.337998668352763,2.1931102717364275,0.987032757037037,0.27273143294614033
HalfCheetah-v5,rank,15,1.3376315611380118,2.156710240576002,0.9870977037037036,0.26362685314503465
HalfCheetah-v5,rank,2,1.3474076986312866,2.188084986474779,0.986237146111111,0.2691353163743893
HalfCheetah-v5,rank,20,1.3398027817408245,2.186953315028438,0.9872366683333333,0.28186701249774776
HalfCheetah-v5,rank,30,1.339447436509309,2.2044200941368386,0.9866155046296294,0.2780078512614108
HalfCheetah-v5,rank,40,1.3407331749244973,2.184483563458478,0.9867485866666666,0.281293007250879
HalfCheetah-v5,rank,5,1.3389000627729628,2.1798250366140297,0.9871014359259258,0.2690841189655011
HalfCheetah-v5,ridge,0.0,1.3279094166225858,2.267310138101931,0.9872309194444445,0.13928987259428405
HalfCheetah-v5,ridge,0.0001,1.3398027817408245,2.186953315028438,0.9872366683333333,0.28186701249774776
HalfCheetah-v5,ridge,0.0003,1.3347841368781195,2.139285025773225,0.9875638009259261,0.22302398091099984
HalfCheetah-v5,ridge,0.001,1.3312854457784582,2.1221027595025523,0.9877279394444444,0.17889089077586426
HalfCheetah-v5,ridge,0.003,1.329324099752638,2.1575088721734508,0.9876439503703703,0.15494152928780008
HalfCheetah-v5,ridge,0.01,1.3278638168617531,2.2616801880024098,0.9873886112962964,0.13791052448834387
HalfCheetah-v5,ridge,0.1,1.3257201291896679,2.6149542287543968,0.9866160031481482,0.12183253007952398
HalfCheetah-v5,ridge,1.0,1.3248608465547915,3.0492525939588195,0.9850472788888888,0.11751574391852729
HalfCheetah-v5,ridge,1e-05,1.3582511566303395,2.2981208430396185,0.9865552016666668,0.40012715090854484
HalfCheetah-v5,scale,0.25x,1.3046637376149495,2.280658898530183,0.984678796851852,0.17391624193677743
HalfCheetah-v5,scale,0.5x,1.3218553949285436,2.1218750211927624,0.9866190301851852,0.2291979903280675
HalfCheetah-v5,scale,0.75x,1.3327167961332533,2.1382849746280246,0.9870196901851851,0.2686970379128336
HalfCheetah-v5,scale,1.0x,1.3398027817408245,2.186953315028438,0.9872366683333333,0.28186701249774776
HalfCheetah-v5,scale,1.5x,1.34964742925432,2.252373280348601,0.986481352962963,0.2870278181013511
HalfCheetah-v5,scale,2.0x,1.3483094992461029,2.2482149556831077,0.986732728148148,0.2859586265374017
HalfCheetah-v5,scale,4.0x,1.3659839895036485,2.4187091015003346,0.9865554211111113,0.33046347448642316
Hopper-v5,bootstrap,0.0,0.18193451839464683,0.3215442429538126,0.9734842424074074,0.6090511708638234
Hopper-v5,bootstrap,0.05,9.18622703022427,4.980316638946533,0.9429858188888889,0.9303298373559505
Hopper-v5,bootstrap,0.075,0.2018231920622013,0.8486270286418773,0.9818684035185185,0.7876669535500599
Hopper-v5,bootstrap,0.1,0.1918178896109263,0.6363798357822277,0.982654885185185,0.7266652182430801
Hopper-v5,bootstrap,0.15,0.18703687301388494,0.4541433497711464,0.9840290735185184,0.6528916563664257
Hopper-v5,bootstrap,0.2,0.1851078669230143,0.4006008075343238,0.9816730127777776,0.6400287469518453
Hopper-v5,bootstrap,0.3,0.1835779956093541,0.3539498812622494,0.9806847922222223,0.6390582712292177
Hopper-v5,bootstrap,0.5,0.18275645264872797,0.3266298737790849,0.9791268049999999,0.6028319053161397
Hopper-v5,bootstrap,0.99,0.18226263865276618,0.33093194718714114,0.9757479107407407,0.6043501540708254
Hopper-v5,calib,1024,0.2104657115759673,0.9610282050238715,0.9818450253703703,0.8183474295804777
Hopper-v5,calib,2048,0.1881859826820868,0.5043158310431021,0.9846941105555556,0.6743523490464871
Hopper-v5,calib,4096,0.18357850004125525,0.3539127039688605,0.9806825442592593,0.6390599053469669
Hopper-v5,calib,512,69.93823531821921,6.147903671971074,0.8939603325925926,0.9468271673899606
Hopper-v5,calib,8192,0.18208977580070496,0.32562249512584124,0.9775744596296297,0.6119849397379072
Hopper-v5,layer,first,0.17314892400194098,0.6834378982031787,0.9300961644444444,0.6375035388991935
Hopper-v5,layer,multi,0.1835779956093541,0.3539498812622494,0.9806847922222223,0.6390582712292177
Hopper-v5,rank,1,0.1938520774797157,0.7184245751963722,0.9704812935185184,0.5873038090537999
Hopper-v5,rank,10,0.18385071942099818,0.36727548031895246,0.9826050961111109,0.6285883751012598
Hopper-v5,rank,15,0.18373163320400096,0.35668475760353935,0.9812475216666665,0.6345460673437187
Hopper-v5,rank,2,0.18613894007824086,0.4366851509721191,0.9804733731481482,0.6217184070903153
Hopper-v5,rank,20,0.1835779956093541,0.3539498812622494,0.9806847922222223,0.6390582712292177
Hopper-v5,rank,30,0.18339831906336326,0.36973819467756486,0.9829407381481481,0.6306350107663133
Hopper-v5,rank,40,0.18364303752228064,0.3647152014352657,0.9830352109259259,0.6361312505897798
Hopper-v5,rank,5,0.18393886806788268,0.38164751452428325,0.9825220192592593,0.6186220513303536
Hopper-v5,ridge,0.0,0.18342133252709,0.30671231145108185,0.9750558809259259,0.6322019272952365
Hopper-v5,ridge,0.0001,0.1835779956093541,0.3539498812622494,0.9806847922222223,0.6390582712292177
Hopper-v5,ridge,0.0003,0.18346115008548455,0.3228434903754128,0.9792186353703701,0.6389560386997866
Hopper-v5,ridge,0.001,0.18340770845059995,0.30358663808416436,0.9770637111111111,0.6395900091305492
Hopper-v5,ridge,0.003,0.18340396881103516,0.3017254758764196,0.9747564537037037,0.6411580841313325
Hopper-v5,ridge,0.01,0.18343786233001286,0.311244302601726,0.9720100859259261,0.6391929867721649
Hopper-v5,ridge,0.1,0.18367517491181692,0.34488334837887025,0.9647475057407408,0.6360547385057169
Hopper-v5,ridge,1.0,0.1849555461495011,0.37663997185451015,0.9539916794444444,0.6399600449657183
Hopper-v5,ridge,1e-05,0.18415784559868,0.4363807439804077,0.9819772264814814,0.6467405004995777
Hopper-v5,scale,0.25x,0.17326709628105164,0.5379187177728724,0.9510126301851852,0.5782608670520225
Hopper-v5,scale,0.5x,0.17843103243245018,0.35886257224612766,0.9737054275925926,0.6207755625013169
Hopper-v5,scale,0.75x,0.18169180496975226,0.3769686271746953,0.9798396401851851,0.6239911715258464
Hopper-v5,scale,1.0x,0.1835779956093541,0.3539498812622494,0.9806847922222223,0.6390582712292177
Hopper-v5,scale,1.5x,0.18528465761078727,0.3519000234427275,0.9811702501851853,0.6257361400681519
Hopper-v5,scale,2.0x,0.1860058754682541,0.3964466270473268,0.9805939390740742,0.66170468608676
Hopper-v5,scale,4.0x,0.18641698084495686,0.39933694236808354,0.9805710762962961,0.6266531367532556
Humanoid-v5,bootstrap,0.0,60.1192828990795,4.096916861004299,0.32593287870370374,0.7664501907602369
Humanoid-v5,bootstrap,0.05,230.64879749439382,6.8300590691743075,0.7597679914814817,0.9556133277633866
Humanoid-v5,bootstrap,0.075,60.19753364280418,3.7667616738213434,0.45110428166666666,0.7286955696322293
Humanoid-v5,bootstrap,0.1,60.16091904816804,3.845741943076805,0.4013513009259259,0.7382436770720389
Humanoid-v5,bootstrap,0.15,60.13417802033601,3.929039540114226,0.3651673437037037,0.755400710462193
Humanoid-v5,bootstrap,0.2,60.12778190330223,3.9680390534577548,0.3554180701851852,0.7571665683418116
Humanoid-v5,bootstrap,0.3,60.123224046495224,4.010165046762537,0.3443490824074073,0.756825451954022
Humanoid-v5,bootstrap,0.5,60.122035556369354,4.04462472597758,0.3369890579629629,0.7622946259895573
Humanoid-v5,bootstrap,0.99,60.120167626274956,4.071302493413289,0.3313136196296296,0.7638504561443321
Humanoid-v5,calib,1024,60.225553300645615,3.7327401549727828,0.5044470303703703,0.7042062738642613
Humanoid-v5,calib,2048,60.13563028971354,3.9126515211882413,0.370461597037037,0.7539330222427059
Humanoid-v5,calib,4096,60.12322899147316,4.010160587452076,0.34433933796296295,0.7568424436494277
Humanoid-v5,calib,512,109726.66644965278,13.01411575741238,0.7195255955555555,0.987349561354281
Humanoid-v5,calib,8192,60.11854736893265,4.06223906411065,0.33247490333333335,0.763934437899618
Humanoid-v5,layer,first,60.12602459942853,4.084860139422947,0.32634852888888893,0.7696096017485293
Humanoid-v5,layer,multi,60.123224046495224,4.010165046762537,0.3443490824074073,0.756825451954022
Humanoid-v5,rank,1,60.126859735559535,4.0958688788943824,0.33267471518518515,0.7643934849586055
Humanoid-v5,rank,10,60.123541514078774,4.01234472239459,0.3439740955555556,0.7604345384115822
Humanoid-v5,rank,15,60.12373719391999,4.011066825301559,0.3440716457407408,0.7619431668684811
Humanoid-v5,rank,2,60.12390617088035,4.033692642494485,0.3412935912962962,0.7624627001218243
Humanoid-v5,rank,20,60.123224046495224,4.010165046762537,0.3443490824074073,0.756825451954022
Humanoid-v5,rank,30,60.123423117178454,4.010332663853963,0.3444699133333334,0.7606743611962815
Humanoid-v5,rank,40,60.123419443766274,4.006818329846418,0.3443660096296297,0.7613099086479614
Humanoid-v5,rank,5,60.124676598442925,4.015571673711141,0.34467800851851854,0.7593250569511846
Humanoid-v5,ridge,0.0,60.125836266411675,4.047718939957796,0.32017646981481485,0.7708021615617815
Humanoid-v5,ridge,0.0001,61.19181753087927,4.02108590691178,0.36782238166666664,0.7152361978600391
Humanoid-v5,ridge,0.0003,63.74650785658095,4.014726418036002,0.36282228777777775,0.7216596195043984
Humanoid-v5,ridge,0.001,60.14062160915799,4.009586272416292,0.35703205722222225,0.7311382972338849
Humanoid-v5,ridge,0.003,60.12512602629485,4.00842637485928,0.3503862548148148,0.7459546203723627
Humanoid-v5,ridge,0.01,60.123224046495224,4.010165046762537,0.3443490824074073,0.756825451954022
Humanoid-v5,ridge,0.1,60.12283395837854,4.019219389668217,0.33601436944444446,0.7690090079221553
Humanoid-v5,ridge,1.0,60.12322376392506,4.03216090908757,0.33072874388888884,0.7710439853955249
Humanoid-v5,ridge,1e-05,606.4819405167191,4.048864859121817,0.38293177740740736,0.6955900186839583
Humanoid-v5,scale,0.25x,60.12041586416739,4.150321898636995,0.3181210509259259,0.7709479484454215
Humanoid-v5,scale,0.5x,60.12116552282263,4.055825560181229,0.33398580129629635,0.7655066394473741
Humanoid-v5,scale,0.75x,60.12206748679832,4.026452479539095,0.3398704703703704,0.7644348315714233
Humanoid-v5,scale,1.0x,60.123224046495224,4.010165046762537,0.3443490824074073,0.756825451954022
Humanoid-v5,scale,1.5x,60.12353247183341,3.996029924463343,0.34914832759259257,0.7565103294122452
Humanoid-v5,scale,2.0x,60.12482113308377,3.9889460846229836,0.3545593577777777,0.7465282187371147
Humanoid-v5,scale,4.0x,60.13357416788737,3.979266811300207,0.36531383407407403,0.7270523776867809
HumanoidStandup-v5,bootstrap,0.0,40.823031178227176,8.378056755772343,0.7638070646296294,0.721050627542121
HumanoidStandup-v5,bootstrap,0.05,84.02932400173611,6.284792723479094,0.9770032396296296,0.9658693695917122
HumanoidStandup-v5,bootstrap,0.075,51.07783367015697,5.573695094497116,0.9798041387037036,0.9476072463022168
HumanoidStandup-v5,bootstrap,0.1,45.67391868873879,5.4832206125612615,0.9741391609259259,0.8875501315683739
HumanoidStandup-v5,bootstrap,0.15,42.148591430098925,5.609553072187635,0.9524278012962962,0.7755783722031852
HumanoidStandup-v5,bootstrap,0.2,41.32409872832122,5.865887995119448,0.9276984707407407,0.7170697647327373
HumanoidStandup-v5,bootstrap,0.3,40.96146894384314,6.399761005684182,0.8897756142592593,0.6627226883861667
HumanoidStandup-v5,bootstrap,0.5,40.84693343551071,7.153102486221878,0.8416183475925926,0.6571878349909152
HumanoidStandup-v5,bootstrap,0.99,40.834366409866895,7.786064872035274,0.8012003298148149,0.6900201118959176
HumanoidStandup-v5,calib,1024,241.0907711452908,7.585636686395715,0.972152337962963,0.95118832951147
HumanoidStandup-v5,calib,2048,47.15962784378617,5.506283936677156,0.9756923042592592,0.9011578030496348
HumanoidStandup-v5,calib,4096,41.32246794524016,5.865518393339934,0.927700243148148,0.7170289526406767
HumanoidStandup-v5,calib,512,22937.324313693578,11.643849160936144,0.9388297592592594,0.9840217084068805
HumanoidStandup-v5,calib,8192,40.86033856427228,7.073862534982187,0.8459794218518518,0.6629309593993442
HumanoidStandup-v5,layer,first,41.28379963062428,6.7678079781708895,0.8763879685185186,0.7486335148752142
HumanoidStandup-v5,layer,multi,41.32409872832122,5.865887995119448,0.9276984707407407,0.7170697647327373
HumanoidStandup-v5,rank,1,41.286827581900134,6.091662424582022,0.9069530612962962,0.7135681027590074
HumanoidStandup-v5,rank,10,41.331161428380895,5.880837475811994,0.9280371270370371,0.7114352070429781
HumanoidStandup-v5,rank,15,41.381894994665075,5.900697019365099,0.9284742653703703,0.7024633892070048
HumanoidStandup-v5,rank,2,41.44324203773781,5.930758246669063,0.9247923422222222,0.7109842415829697
HumanoidStandup-v5,rank,20,41.32409872832122,5.865887995119448,0.9276984707407407,0.7170697647327373
HumanoidStandup-v5,rank,30,41.37834280508536,5.872362101519549,0.9279383311111111,0.7148011522742871
HumanoidStandup-v5,rank,40,41.345908059014214,5.873625878934507,0.9263073279629629,0.7136961774070008
HumanoidStandup-v5,rank,5,41.33815567581742,5.849008206967954,0.9274841157407407,0.717631356488026
HumanoidStandup-v5,ridge,0.0,41.07605955335829,6.598382296385588,0.8666143392592592,0.7678305307416338
HumanoidStandup-v5,ridge,0.0001,82.86670381051523,6.536127779218885,0.9675387746296297,0.8359561688146491
HumanoidStandup-v5,ridge,0.0003,51.99070400661893,6.086427211761475,0.9623874409259259,0.7840218567679714
HumanoidStandup-v5,ridge,0.001,42.95100812558775,5.8349423231901945,0.9536846574074075,0.731830711509028
HumanoidStandup-v5,ridge,0.003,41.755958769056534,5.778960386912028,0.9428732401851853,0.7154107460978594
HumanoidStandup-v5,ridge,0.01,41.32409872832122,5.865887995119448,0.9276984707407407,0.7170697647327373
HumanoidStandup-v5,ridge,0.1,41.117890181364835,6.336493156574391,0.8883811912962961,0.7489497279197189
HumanoidStandup-v5,ridge,1.0,40.99590591148094,7.094527085622151,0.8373938101851851,0.7789654903556633
HumanoidStandup-v5,ridge,1e-05,585.6609759860569,7.398119290669759,0.973615831111111,0.9041885706032466
HumanoidStandup-v5,scale,0.25x,40.90081737659596,8.422907193501791,0.7677394711111112,0.7198722831770249
HumanoidStandup-v5,scale,0.5x,41.047751038162794,6.83764793254711,0.8580184877777777,0.7064681489997318
HumanoidStandup-v5,scale,0.75x,41.21181035924841,6.173904330642135,0.9046232237037036,0.7072373924335307
HumanoidStandup-v5,scale,1.0x,41.32409872832122,5.865887995119448,0.9276984707407407,0.7170697647327373
HumanoidStandup-v5,scale,1.5x,41.53458305641457,5.629409754717791,0.9500290499999999,0.7271980660086621
HumanoidStandup-v5,scale,2.0x,42.092817306518555,5.556919433452465,0.960292535,0.7345601748333573
HumanoidStandup-v5,scale,4.0x,41.83086451777705,5.462116453382704,0.9676706459259259,0.7556876724247521
InvertedDoublePendulum-v5,bootstrap,0.0,0.034517091376563676,1.9529455258296087,0.9975020728846155,0.9787690459580557
InvertedDoublePendulum-v5,bootstrap,0.05,0.042665558795516305,1.4183602333068848,0.9957522492307691,0.9338810579870973
InvertedDoublePendulum-v5,bootstrap,0.075,0.09790216321842028,2.420791813960442,0.995250916923077,0.9780818110522015
InvertedDoublePendulum-v5,bootstrap,0.1,0.11023159353778912,2.471330083333529,0.9958591861538462,0.9748043951264785
InvertedDoublePendulum-v5,bootstrap,0.15,0.11682106755100764,2.786947319140801,0.9963123126923078,0.9808147638022418
InvertedDoublePendulum-v5,bootstrap,0.2,0.10667617619037628,2.835205458677732,0.9963547990384616,0.9764711460155209
InvertedDoublePendulum-v5,bootstrap,0.3,0.09227351221041037,2.74319419494042,0.9967409,0.9787544034830471
InvertedDoublePendulum-v5,bootstrap,0.5,0.06759911567832415,2.5723467423365665,0.9969987111538461,0.9818789110369017
InvertedDoublePendulum-v5,bootstrap,0.99,0.049137920463600986,2.3110531797775855,0.9973652973076923,0.9832518402248952
InvertedDoublePendulum-v5,calib,1024,0.02954632366219392,1.4405628396914556,0.9962269848076922,0.923365486689563
InvertedDoublePendulum-v5,calib,2048,0.030777653750891868,1.4037407017671144,0.9962879513461538,0.9176062383645827
InvertedDoublePendulum-v5,calib,4096,0.044798044165453084,1.4768263812248523,0.9957931084615385,0.9398129951635761
InvertedDoublePendulum-v5,calib,512,0.03295088502076956,1.434658197256235,0.9959469563461537,0.9208044891997832
InvertedDoublePendulum-v5,calib,8192,0.09818025047962482,2.4267457173420834,0.995826340576923,0.9697910757316917
InvertedDoublePendulum-v5,layer,first,0.04383968902178682,1.5334784090518951,0.9955686486538462,0.9326707178282199
InvertedDoublePendulum-v5,layer,multi,0.042665558795516305,1.4183602333068848,0.9957522492307691,0.9338810579870973
InvertedDoublePendulum-v5,rank,1,0.08043922748989783,1.8033022788854747,0.9951344961538461,0.9365136260786792
InvertedDoublePendulum-v5,rank,10,0.07079526660247491,1.6561835270661573,0.9947271996153846,0.9500233383142705
InvertedDoublePendulum-v5,rank,15,0.07689807599840257,1.7717772240822132,0.9949487526923078,0.9494348262056929
InvertedDoublePendulum-v5,rank,2,0.04908296179312926,1.4061745909544139,0.995659998846154,0.9326247746139043
InvertedDoublePendulum-v5,rank,20,0.042665558795516305,1.4183602333068848,0.9957522492307691,0.9338810579870973
InvertedDoublePendulum-v5,rank,30,0.05078870838937851,1.4620182651739855,0.9953386180769231,0.946894120615127
InvertedDoublePendulum-v5,rank,40,0.045600007789639324,1.3526708162747896,0.9953204561538461,0.93502553837009
InvertedDoublePendulum-v5,rank,5,0.08514238166837738,1.6705053334052746,0.9950774984615384,0.9377885000061223
InvertedDoublePendulum-v5,ridge,0.0,0.0424798449787956,1.3055940660146566,0.9971411323076923,0.9521213943222169
InvertedDoublePendulum-v5,ridge,0.0001,0.042665558795516305,1.4183602333068848,0.9957522492307691,0.9338810579870973
InvertedDoublePendulum-v5,ridge,0.0003,0.026851502247154713,1.6502982011208167,0.9968634211538462,0.9101799155643828
InvertedDoublePendulum-v5,ridge,0.001,0.026432414180957355,1.87998955983382,0.9967903076923077,0.9126061468999935
InvertedDoublePendulum-v5,ridge,0.003,0.026201748539908573,1.9870889737055852,0.9967138607692306,0.9160821015034859
InvertedDoublePendulum-v5,ridge,0.01,0.026107103599665258,2.0423251252907972,0.9966433651923075,0.9192672378445317
InvertedDoublePendulum-v5,ridge,0.1,0.02644957286807207,2.0333566528100233,0.9966445565384615,0.922211208521869
InvertedDoublePendulum-v5,ridge,1.0,0.028114712331444025,1.940675946382376,0.9967325749999999,0.922268567386226
InvertedDoublePendulum-v5,ridge,1e-05,0.7669557023506898,4.254310286962069,0.9945715561538463,0.9738387070619279
InvertedDoublePendulum-v5,scale,0.25x,0.026415759590096198,3.2689812916975756,0.996688869423077,0.8907972827520142
InvertedDoublePendulum-v5,scale,0.5x,0.026682260267149944,1.9553809463977814,0.9969492090384614,0.9008745417994091
InvertedDoublePendulum-v5,scale,0.75x,0.057262000699455924,1.4574584319041326,0.996397900576923,0.9016741261470365
InvertedDoublePendulum-v5,scale,1.0x,0.042665558795516305,1.4183602333068848,0.9957522492307691,0.9338810579870973
InvertedDoublePendulum-v5,scale,1.5x,0.17965931717592937,2.8310889418308554,0.9940690438461538,0.9794753068881982
InvertedDoublePendulum-v5,scale,2.0x,0.344530292141896,3.552388392961942,0.9945348240384615,0.9800446370086641
InvertedDoublePendulum-v5,scale,4.0x,0.9769250716154392,4.5870861273545485,0.99497279,0.9809292623120075
InvertedPendulum-v5,bootstrap,0.0,0.015362160226616722,1.4957383991434023,0.8635715363461538,0.52609321436092
InvertedPendulum-v5,bootstrap,0.05,0.015547427169692058,-0.7121493957506922,0.9186127555769231,0.72573337910235
InvertedPendulum-v5,bootstrap,0.075,0.015443042762434253,-0.47690508228081924,0.9052370559615385,0.6828526780759362
InvertedPendulum-v5,bootstrap,0.1,0.01543700175646406,-0.3902268667633717,0.9009613078846155,0.6704698307043319
InvertedPendulum-v5,bootstrap,0.15,0.015388964747007076,-0.04576582031754347,0.8914278773076922,0.6306314698184259
InvertedPendulum-v5,bootstrap,0.2,0.015372775441322189,0.21417105083282179,0.8869151213461539,0.6147244882324399
InvertedPendulum-v5,bootstrap,0.3,0.015373143206278864,0.4330881440725464,0.8819193075,0.5973692146773553
InvertedPendulum-v5,bootstrap,0.5,0.015368675401147742,0.7829718392055768,0.876242486153846,0.5764961425958636
InvertedPendulum-v5,bootstrap,0.99,0.015364117347277127,1.0279418126984428,0.8706356894230768,0.5536102658567911
InvertedPendulum-v5,calib,1024,0.015918761796246354,-0.8160713407425926,0.9136165076923076,0.7292819178321134
InvertedPendulum-v5,calib,2048,0.015581043813234339,-0.7525730734834304,0.9135590013461538,0.7222311497070688
InvertedPendulum-v5,calib,4096,0.01565702961614499,-0.626088404096663,0.9082173790384614,0.7105801197578832
InvertedPendulum-v5,calib,512,0.016502033542984955,-0.9263692641487489,0.9205327548076923,0.7651313193319679
InvertedPendulum-v5,calib,8192,0.015838913888169024,-0.2830103263258934,0.8965477499999999,0.6590720584013722
InvertedPendulum-v5,layer,first,0.015782785351173237,3.6550507499621463,0.8559009948076922,0.4360500109420444
InvertedPendulum-v5,layer,multi,0.015547427169692058,-0.7121493957506922,0.9186127555769231,0.72573337910235
InvertedPendulum-v5,rank,1,0.015777356116674267,-0.5621814693395908,0.9141634246153845,0.6984833346405513
InvertedPendulum-v5,rank,10,0.0164096756802442,-0.698586333829623,0.9204483636538462,0.7324960208196176
InvertedPendulum-v5,rank,15,0.015483507026846591,-0.6867200033022807,0.9137491792307691,0.721092406804401
InvertedPendulum-v5,rank,2,0.015691009242660724,-0.6750120969059376,0.9174320759615384,0.7192870450746617
InvertedPendulum-v5,rank,20,0.015547427169692058,-0.7121493957506922,0.9186127555769231,0.72573337910235
InvertedPendulum-v5,rank,30,0.015561981717697702,-0.7141680390788958,0.915967023076923,0.7149500742945111
InvertedPendulum-v5,rank,40,0.015528282293906579,-0.7290979048523766,0.919367060576923,0.7257612440586876
InvertedPendulum-v5,rank,5,0.015600096111973891,-0.7022625801081841,0.9176540921153846,0.7185781912051199
InvertedPendulum-v5,ridge,0.0,0.016650522199387733,-0.8736551048663946,0.939820671346154,0.8325028705576882
InvertedPendulum-v5,ridge,0.0001,0.015547427169692058,-0.7121493957506922,0.9186127555769231,0.72573337910235
InvertedPendulum-v5,ridge,0.0003,0.015459072471667942,-0.40017657096569353,0.9022958817307691,0.6764807079649806
InvertedPendulum-v5,ridge,0.001,0.01543158065312757,-0.1511513778510002,0.8938828992307694,0.6437862955304781
InvertedPendulum-v5,ridge,0.003,0.015425141023185391,0.017329381635555856,0.8884618236538461,0.6208424786403268
InvertedPendulum-v5,ridge,0.01,0.015448657813696908,0.09109180148404378,0.8858918184615384,0.6084884402424545
InvertedPendulum-v5,ridge,0.1,0.01565827660334225,-0.09869620003379308,0.891113916346154,0.626780877761904
InvertedPendulum-v5,ridge,1.0,0.01622619001696316,-0.5166206901463178,0.9057475884615384,0.6907887163087013
InvertedPendulum-v5,ridge,1e-05,0.13420971010166866,1.0070868822244496,0.8688387100000001,0.9666939161589856
InvertedPendulum-v5,scale,0.25x,0.015410353375885349,1.1083761350466654,0.8680866009615384,0.533696358130057
InvertedPendulum-v5,scale,0.5x,0.015416258265479254,-0.14975855671442473,0.8951024690384612,0.6437969052438274
InvertedPendulum-v5,scale,0.75x,0.015459422362395205,-0.5558899738467656,0.9113910973076924,0.6917113186551517
InvertedPendulum-v5,scale,1.0x,0.015547427169692058,-0.7121493957506922,0.9186127555769231,0.72573337910235
InvertedPendulum-v5,scale,1.5x,0.01921777785397493,-0.7924597547031366,0.8886005326923078,0.7658259246009428
InvertedPendulum-v5,scale,2.0x,0.04857991141482042,-0.09508129376738977,0.8619817376923076,0.8904337114166434
InvertedPendulum-v5,scale,4.0x,0.18194603060300535,1.0772435275407939,0.8610099765384616,0.9666855289877727
Pusher-v5,bootstrap,0.0,0.05407126391163239,1.184429136606363,0.9996495107692309,0.7619054528451582
Pusher-v5,bootstrap,0.05,0.0585249477567581,1.0181151238771586,0.9999998926923078,0.9148684923387843
Pusher-v5,bootstrap,0.075,0.055445666353289895,0.7965758534578177,0.9999994761538461,0.8851996219149166
Pusher-v5,bootstrap,0.1,0.054730357888799444,0.7112529140252334,0.9999968969230768,0.8618079807495025
Pusher-v5,bootstrap,0.15,0.05434742942452431,0.7078931767206925,0.9999844884615384,0.8279840311042894
Pusher-v5,bootstrap,0.2,0.054240918933199,0.7404758013211764,0.9999662207692308,0.8148378705660045
Pusher-v5,bootstrap,0.3,0.0541700182052759,0.8087680775385636,0.999929406153846,0.7936598994140353
Pusher-v5,bootstrap,0.5,0.054118659920417346,0.9091586883251483,0.9998594492307691,0.7769912620330762
Pusher-v5,bootstrap,0.99,0.054093601898505136,0.9772659563101255,0.9997879538461538,0.7595695266070048
Pusher-v5,calib,1024,0.05646368574637633,1.4085763784555287,0.9999376880769231,0.8384377075501963
Pusher-v5,calib,2048,0.058791570795270115,1.0159383851748247,0.9999998476923077,0.9161254799764642
Pusher-v5,calib,4096,0.05473036032456618,0.7112608047632071,0.9999968953846154,0.8618121573851562
Pusher-v5,calib,512,0.057383957104041025,2.1194479694733253,0.9996325413461538,0.8089802429148192
Pusher-v5,calib,8192,0.05420777488213319,0.7596496939659119,0.9999579384615386,0.8087571453299834
Pusher-v5,layer,first,0.05477708449157385,0.9062707126140594,0.9999884873076924,0.879315253700491
Pusher-v5,layer,multi,0.054730357888799444,0.7112529140252334,0.9999968969230768,0.8618079807495025
Pusher-v5,rank,1,0.05584273558969681,0.8233175942530999,0.9999810442307694,0.8026069592551669
Pusher-v5,rank,10,0.05475539542161501,0.7202061529342945,0.9999962053846155,0.855592435494635
Pusher-v5,rank,15,0.05474818325959719,0.7164021065601935,0.9999971534615385,0.8626528898967406
Pusher-v5,rank,2,0.05506651461697542,0.7462460811321552,0.9999939215384616,0.8397489328194179
Pusher-v5,rank,20,0.054730357888799444,0.7112529140252334,0.9999968969230768,0.8618079807495025
Pusher-v5,rank,30,0.054707246187787786,0.7188039330335764,0.9999958242307692,0.8609835095270923
Pusher-v5,rank,40,0.054694572606912024,0.719171038040748,0.9999977615384614,0.8560337018535097
Pusher-v5,rank,5,0.0547955699551564,0.7221085406266726,0.9999959188461538,0.8583824287901689
Pusher-v5,ridge,0.0,0.055033214103717074,1.0384316948743968,0.9999820023076923,0.8617350937601848
Pusher-v5,ridge,0.0001,0.054730357888799444,0.7112529140252334,0.9999968969230768,0.8618079807495025
Pusher-v5,ridge,0.0003,0.054655933466095194,0.7227339652868418,0.9999927353846153,0.8528678038281987
Pusher-v5,ridge,0.001,0.054579975083470345,0.8495908035681798,0.9999808103846154,0.8457912833024142
Pusher-v5,ridge,0.003,0.05451537640048908,1.112104397553664,0.9999449688461539,0.8407769905977449
Pusher-v5,ridge,0.01,0.054468268815141455,1.6428743279897249,0.9997910246153846,0.835075127217269
Pusher-v5,ridge,0.1,0.05458787327202467,3.1145466566085815,0.998374583846154,0.8198735756075165
Pusher-v5,ridge,1.0,0.05533369601919101,3.6460239520439734,0.9974992467307693,0.8031084312472072
Pusher-v5,ridge,1e-05,0.05494276907008428,0.9827432311498202,0.9999960673076924,0.8793871216910175
Pusher-v5,scale,0.25x,0.05403683965022747,2.892648302591764,0.9963047059615384,0.7198424256238739
Pusher-v5,scale,0.5x,0.054185934364795685,1.0756818698002741,0.999841456730769,0.798906380288199
Pusher-v5,scale,0.75x,0.05445915245665954,0.7647225077335651,0.9999868276923076,0.8396229911576936
Pusher-v5,scale,1.0x,0.054730357888799444,0.7112529140252334,0.9999968969230768,0.8618079807495025
Pusher-v5,scale,1.5x,0.055188650981738016,0.7699757745632758,0.9999996246153846,0.8804351349000724
Pusher-v5,scale,2.0x,0.05556206505459089,0.8829609270279224,0.9999997815384615,0.8916014955496828
Pusher-v5,scale,4.0x,0.05652575424084297,1.2997134694686303,0.99999804,0.9047373167589683
Reacher-v5,bootstrap,0.0,0.08480571840818112,1.256798083965595,0.9885757603846154,0.8809500675113789
Reacher-v5,bootstrap,0.05,0.08917244294515023,0.09348944975779606,0.9932317342307692,0.8758561766018444
Reacher-v5,bootstrap,0.075,0.08595510113697785,0.023992859865896977,0.9901651696153847,0.8906060652293052
Reacher-v5,bootstrap,0.1,0.08562105980056983,0.1574406140985397,0.9894340513461538,0.8878469471602491
Reacher-v5,bootstrap,0.15,0.08526367235642213,0.3872468133385365,0.9892090421153845,0.886388829202012
Reacher-v5,bootstrap,0.2,0.08510029487884961,0.5309077581534019,0.9892365811538463,0.8819716678989123
Reacher-v5,bootstrap,0.3,0.08493487794811909,0.7221767822137246,0.9891201550000001,0.884687377981266
Reacher-v5,bootstrap,0.5,0.08487399982718322,0.9128096378766574,0.9889817305769231,0.883153691132639
Reacher-v5,bootstrap,0.99,0.08482948146187343,1.0547710955142975,0.9888293261538461,0.8818168512918638
Reacher-v5,calib,1024,0.0890761547936843,0.24086492451337668,0.9829893475000001,0.858625539655429
Reacher-v5,calib,2048,0.08748817787720607,0.09268649773170742,0.9885614876923076,0.8760161330604613
Reacher-v5,calib,4096,0.08917595388797614,0.09364969089913827,0.9932304657692309,0.8760307141261142
Reacher-v5,calib,512,0.09298279566260484,0.15089403064205095,0.966537740576923,0.8368498028421858
Reacher-v5,calib,8192,0.08564511657907413,0.17245995676001677,0.9895073261538463,0.8889673290921679
Reacher-v5,layer,first,0.08697893327245346,0.16972520001805746,0.9938714786538461,0.7900552169472769
Reacher-v5,layer,multi,0.08917244294515023,0.09348944975779606,0.9932317342307692,0.8758561766018444
Reacher-v5,rank,1,0.09123952572162335,0.09273892132422099,0.993189571923077,0.8666376999230871
Reacher-v5,rank,10,0.08931516110897064,0.08954837946937634,0.9932544007692309,0.8796315219111164
Reacher-v5,rank,15,0.08903728052973747,0.09056904532301885,0.9931989323076924,0.8792186500495007
Reacher-v5,rank,2,0.08967924060729834,0.09037730427315602,0.9931649246153845,0.8718036930350878
Reacher-v5,rank,20,0.08917244294515023,0.09348944975779606,0.9932317342307692,0.8758561766018444
Reacher-v5,rank,30,0.08931552131588642,0.09177831101876038,0.9933195007692308,0.8791780029164518
Reacher-v5,rank,40,0.08951637091544959,0.0884732103978212,0.9932476400000001,0.876542944375551
Reacher-v5,rank,5,0.08912767355258648,0.08933964686898085,0.993195400576923,0.8812625438073312
Reacher-v5,ridge,0.0,0.10925113209165059,0.8868853793694422,0.9896367836538461,0.8493853607338828
Reacher-v5,ridge,0.0001,0.08917244294515023,0.09348944975779606,0.9932317342307692,0.8758561766018444
Reacher-v5,ridge,0.0003,0.08767888895594157,-0.009678817596488023,0.9927588890384614,0.8760639669497006
Reacher-v5,ridge,0.001,0.0868190317772902,-0.02939760707466541,0.9920300232692308,0.8761035917149224
Reacher-v5,ridge,0.003,0.08641055971384048,0.0640717534115538,0.9911757048076925,0.8752731760180686
Reacher-v5,ridge,0.01,0.0861925408244133,0.2989530090529185,0.9900364136538463,0.8729605438947783
Reacher-v5,ridge,0.1,0.08613463835074352,0.9121357385928814,0.9878470738461538,0.8649775846482345
Reacher-v5,ridge,1.0,0.08657148337134948,1.1461010896242583,0.9868828669230769,0.8543955117216654
Reacher-v5,ridge,1e-05,0.33609882856790835,1.603072308577024,0.9534607773076922,0.8599843017721904
Reacher-v5,scale,0.25x,0.08501574683647889,0.2675753066746088,0.9904452013461538,0.8540411302041877
Reacher-v5,scale,0.5x,0.08627460037286465,-0.0381459857408817,0.9924258528846153,0.8615303761599369
Reacher-v5,scale,0.75x,0.08768738576999077,0.006483224523925366,0.9930149878846154,0.8659232175000066
Reacher-v5,scale,1.0x,0.08917244294515023,0.09348944975779606,0.9932317342307692,0.8758561766018444
Reacher-v5,scale,1.5x,0.093013563981423,0.2682322057393881,0.9932556175000001,0.884059263338574
Reacher-v5,scale,2.0x,0.0975887096272065,0.43645640176076156,0.9931163278846153,0.8892205600580406
Reacher-v5,scale,4.0x,0.2412803195990049,1.3668994032419646,0.9777514919230769,0.8334294238836928
Swimmer-v5,bootstrap,0.0,0.029883428580231138,0.9868052336904738,0.9997288492592591,0.6155175950228126
Swimmer-v5,bootstrap,0.05,0.06351186983563283,1.450780612451059,0.9952084988888891,0.7310512229953162
Swimmer-v5,bootstrap,0.075,0.031986253474045684,0.6808979268427249,0.9989664911111111,0.6539538245464805
Swimmer-v5,bootstrap,0.1,0.030808917833147226,0.6313997838232253,0.9994209074074075,0.6682831840417811
Swimmer-v5,bootstrap,0.15,0.030342063211180544,0.7000355135511469,0.9994729718518519,0.6521036091473594
Swimmer-v5,bootstrap,0.2,0.03020874355678205,0.7471300209010089,0.9995240392592593,0.6501509358666311
Swimmer-v5,bootstrap,0.3,0.030056050599173264,0.8121352151588157,0.9995882681481482,0.631674277835336
Swimmer-v5,bootstrap,0.5,0.029953128554754786,0.8453468680381775,0.9996809992592591,0.6330685255747783
Swimmer-v5,bootstrap,0.99,0.029898942551679082,0.8846270905600654,0.9997068751851854,0.6178275528502213
Swimmer-v5,calib,1024,0.0339011260204845,1.0163808950671442,0.9982474405555555,0.5710674075911338
Swimmer-v5,calib,2048,0.06069520136548413,1.0956459608342912,0.9896350088888889,0.6572131056143706
Swimmer-v5,calib,4096,0.06918299253340121,1.4966531285533198,0.99494269,0.7411792396436516
Swimmer-v5,calib,512,0.036986410410867795,1.3058972513234173,0.9979213138888888,0.5539290586721721
Swimmer-v5,calib,8192,0.030738384152452152,0.6399661026619099,0.9994411787037039,0.6597574047114898
Swimmer-v5,layer,first,0.06771346160935031,1.3106340788028858,0.9951799620370371,0.6738688787418099
Swimmer-v5,layer,multi,0.06351186983563283,1.450780612451059,0.9952084988888891,0.7310512229953162
Swimmer-v5,rank,1,0.08512286434846895,1.4818326808788158,0.9950329144444443,0.745418562062334
Swimmer-v5,rank,10,0.07245118591796469,1.517030574657299,0.993883637037037,0.7535802811423289
Swimmer-v5,rank,15,0.06627212954616105,1.3009481010613617,0.9951168674074075,0.6838397524334913
Swimmer-v5,rank,2,0.09928859342579488,1.6379263908774764,0.9940074727777779,0.7712924707577947
Swimmer-v5,rank,20,0.06351186983563283,1.450780612451059,0.9952084988888891,0.7310512229953162
Swimmer-v5,rank,30,0.07056010038488442,1.3582686119609408,0.99452722,0.6805692490776306
Swimmer-v5,rank,40,0.06730175087297405,1.4241732734221,0.9955406212962962,0.7168056953933367
Swimmer-v5,rank,5,0.06049644602117715,1.3397187060779996,0.9961577059259258,0.7157061192963016
Swimmer-v5,ridge,0.0,0.0368586502003449,1.0259822739495172,0.9987239296296296,0.6497813678745656
Swimmer-v5,ridge,0.0001,0.06351186983563283,1.450780612451059,0.9952084988888891,0.7310512229953162
Swimmer-v5,ridge,0.0003,0.033176917030855464,0.7004353183287161,0.9992529925925927,0.6596001650232568
Swimmer-v5,ridge,0.001,0.03125978150853404,0.7604069489019888,0.9994346870370371,0.6427811546569508
Swimmer-v5,ridge,0.003,0.031024724383045127,0.9590978799042879,0.9994360168518519,0.6172647026246473
Swimmer-v5,ridge,0.01,0.030847862914756493,1.2749738251721416,0.9993948681481482,0.5756360613394216
Swimmer-v5,ridge,0.1,0.030844866815540526,1.9798981083763971,0.9992597237037038,0.4856247700022067
Swimmer-v5,ridge,1.0,0.031589527510934405,2.4276872520093566,0.9991825327777778,0.43250550684399874
Swimmer-v5,ridge,1e-05,0.6653861624223215,4.336714400185479,0.9968086987037038,0.9083656525380103
Swimmer-v5,scale,0.25x,0.0358277503401041,0.892052913153613,0.9990528805555555,0.6252376572166649
Swimmer-v5,scale,0.5x,0.033994075945682,0.7142914290781375,0.9977735818518519,0.6305790730090677
Swimmer-v5,scale,0.75x,0.04787287757628494,0.8895404714125174,0.9971406357407407,0.6422014951571782
Swimmer-v5,scale,1.0x,0.06351186983563283,1.450780612451059,0.9952084988888891,0.7310512229953162
Swimmer-v5,scale,1.5x,0.2274188815995499,2.8751987174705222,0.9926133718518519,0.8981729404980308
Swimmer-v5,scale,2.0x,0.4122057016249056,3.4926206270853677,0.9949687944444444,0.9127038785213388
Swimmer-v5,scale,4.0x,0.8894288744087573,4.519369699336864,0.9963191501851852,0.9045261148721144
Walker2d-v5,bootstrap,0.0,0.6111033073178044,3.0078528192308216,0.9975347425925927,0.36127437123963396
Walker2d-v5,bootstrap,0.05,0.6739483674367269,1.759052316347758,0.9930700001851851,0.408475580897616
Walker2d-v5,bootstrap,0.075,0.6384089920255873,1.7004799533773352,0.9956939377777779,0.35274523234270716
Walker2d-v5,bootstrap,0.1,0.6271596573017262,1.796377702995583,0.99650147,0.34276049769990985
Walker2d-v5,bootstrap,0.15,0.6193914303073177,2.000887884034051,0.997236635925926,0.3488788774321019
Walker2d-v5,bootstrap,0.2,0.6164268012400027,2.1793621204517506,0.9976214968518518,0.354292619475707
Walker2d-v5,bootstrap,0.3,0.6138927053522181,2.390735723354198,0.9977864733333335,0.3533004039871245
Walker2d-v5,bootstrap,0.5,0.6123680472373962,2.612991558180915,0.997856661111111,0.3577962395070092
Walker2d-v5,bootstrap,0.99,0.6115484149367721,2.7719054222106934,0.9979024744444445,0.36054122372668335
Walker2d-v5,calib,1024,0.6493915098684805,1.7014096622113828,0.995318162962963,0.3728553506177819
Walker2d-v5,calib,2048,0.6214929311363785,1.9384060303370159,0.9970764859259259,0.34855427787337057
Walker2d-v5,calib,4096,0.6138927031446386,2.390735281838311,0.9977864729629631,0.35330042163819175
Walker2d-v5,calib,512,0.6796657840410868,1.751493458394651,0.9861177996296294,0.33591662925629173
Walker2d-v5,calib,8192,0.6115542274934275,2.750794419535884,0.9978181274074075,0.35837377004903703
Walker2d-v5,layer,first,0.6013045487580476,5.729498933862756,0.9905621461111112,0.35675703518991436
Walker2d-v5,layer,multi,0.6138927053522181,2.390735723354198,0.9977864733333335,0.3533004039871245
Walker2d-v5,rank,1,0.630723668469323,3.2436442728395813,0.9956791512962965,0.34782296167919957
Walker2d-v5,rank,10,0.6140906457547788,2.3865046854372376,0.9977312401851852,0.35480690132135606
Walker2d-v5,rank,15,0.6139995433666088,2.3633607228597007,0.9979255794444444,0.35867410280731343
Walker2d-v5,rank,2,0.6182206096472563,2.5289164825722024,0.9973587103703705,0.35656001418743744
Walker2d-v5,rank,20,0.6138927053522181,2.390735723354198,0.9977864733333335,0.3533004039871245
Walker2d-v5,rank,30,0.6138247339813797,2.3742654853396945,0.9979343916666666,0.3538552672554437
Walker2d-v5,rank,40,0.6138122081756592,2.3835280427226313,0.9979303303703704,0.3546204067679894
Walker2d-v5,rank,5,0.6145406497849358,2.40234473016527,0.997795191851852,0.3570806161492967
Walker2d-v5,ridge,0.0,0.6139534292397676,2.148724004074379,0.9979751135185185,0.33701719129604824
Walker2d-v5,ridge,0.0001,0.6140058349680018,2.000878126532943,0.9980265018518518,0.33406580214167336
Walker2d-v5,ridge,0.0003,0.6139200241477402,2.053014115050987,0.9980749805555555,0.3398715586755685
Walker2d-v5,ridge,0.001,0.6138618036552712,2.1483056810167103,0.9980582587037037,0.3482357455161799
Walker2d-v5,ridge,0.003,0.6138484654603181,2.2585375618051597,0.9979818646296296,0.35117220311747943
Walker2d-v5,ridge,0.01,0.6138927053522181,2.390735723354198,0.9977864733333335,0.3533004039871245
Walker2d-v5,ridge,0.1,0.6143300731976827,2.6833967985930265,0.9969989320370372,0.35674803358792884
Walker2d-v5,ridge,1.0,0.6163210559774328,3.1147550212012396,0.9943642892592591,0.3565427469884699
Walker2d-v5,ridge,1e-05,0.6143015623092651,1.98244544311806,0.9975877183333332,0.32142421411312555
Walker2d-v5,scale,0.25x,0.5838303830888536,7.155784712897407,0.9781422685185185,0.34517493246505465
Walker2d-v5,scale,0.5x,0.5955253684962237,3.930729212584319,0.9934155631481482,0.35835774762686357
Walker2d-v5,scale,0.75x,0.6055015767062152,2.8595109780629477,0.9967666998148148,0.35961314584431153
Walker2d-v5,scale,1.0x,0.6138927053522181,2.390735723354198,0.9977864733333335,0.3533004039871245
Walker2d-v5,scale,1.5x,0.6253768845840737,2.042722503344218,0.9984326768518519,0.35118438481791725
Walker2d-v5,scale,2.0x,0.6318519468660708,1.943957593705919,0.9986171972222222,0.34920580405584567
Walker2d-v5,scale,4.0x,0.639195183912913,1.8877046329003793,0.9986988892592593,0.3396996209946184
