sweep,value,is_default,env,seed,family,k,M,subset,lambda_reg,bootstrap_frac,layer_scope,perturbation_size,size_selected_by_valnll,rmse_val,nll_val,rmse_id,nll_id,nll_ood_near,nll_ood_mid,nll_ood_far,auroc_ood_near,auroc_ood_mid,auroc_ood_far,train_time,eval_time
scale,0.25x(=1.25),False,HalfCheetah-v5,0,random,20,50,10000,0.0,0.1,multi,1.25,False,1.6507971286773682,0.19211457669734955,1.5507608652114868,0.13867025077342987,6.2403998374938965,2.714968681335449,1.7985217571258545,0.6912433099999999,0.841828225,0.9773411299999999,10.434566974639893,0.20145034790039062
scale,0.5x(=2.5),False,HalfCheetah-v5,0,random,20,50,10000,0.0,0.1,multi,2.5,False,1.650143027305603,0.1829076111316681,1.5511839389801025,0.13223311305046082,4.367115020751953,2.474860191345215,1.6866110563278198,0.70770849,0.879898065,0.9830917450000001,10.434566974639893,0.2053992748260498
scale,1.0x(=5.0),True,HalfCheetah-v5,0,random,20,50,10000,0.0,0.1,multi,5.0,True,1.6492201089859009,0.17946062982082367,1.5528628826141357,0.1308887004852295,3.435732126235962,2.2250633239746094,1.6341232061386108,0.732459795,0.9269826800000001,0.9889599549999999,10.434566974639893,0.22054505348205566
scale,2.0x(=10.0),False,HalfCheetah-v5,0,random,20,50,10000,0.0,0.1,multi,10.0,False,1.654248833656311,0.1854884922504425,1.5576739311218262,0.13617420196533203,2.6197001934051514,2.0332136154174805,1.6260327100753784,0.7605538700000001,0.960591975,0.9914661799999999,10.434566974639893,0.20850872993469238
scale,4.0x(=20.0),False,HalfCheetah-v5,0,random,20,50,10000,0.0,0.1,multi,20.0,False,1.6626532077789307,0.19084008038043976,1.5645116567611694,0.14447282254695892,2.089505434036255,1.93266761302948,1.6265980005264282,0.787394735,0.97172228,0.9931620200000001,10.434566974639893,0.20064473152160645
rank,1,False,HalfCheetah-v5,0,random,1,50,10000,0.0,0.1,multi,5.0,True,1.653854489326477,0.18972674012184143,1.5547822713851929,0.14068134129047394,3.593609571456909,2.3133950233459473,1.6545885801315308,0.72538209,0.911357955,0.9880365799999998,10.271915435791016,0.2161579132080078
rank,2,False,HalfCheetah-v5,0,random,2,50,10000,0.0,0.1,multi,5.0,True,1.6535104513168335,0.18359191715717316,1.5532069206237793,0.13450144231319427,3.2182397842407227,2.255948305130005,1.635603666305542,0.728879375,0.9218502550000001,0.98781027,12.81126356124878,0.21088480949401855
rank,5,False,HalfCheetah-v5,0,random,5,50,10000,0.0,0.1,multi,5.0,True,1.653030514717102,0.18069975078105927,1.553873896598816,0.13220323622226715,3.111537456512451,2.252425193786621,1.6342942714691162,0.731873575,0.92348204,0.98830697,10.606594800949097,0.2219069004058838
rank,20,True,HalfCheetah-v5,0,random,20,50,10000,0.0,0.1,multi,5.0,True,1.6492201089859009,0.17946062982082367,1.5528628826141357,0.1308887004852295,3.435732126235962,2.2250633239746094,1.6341232061386108,0.732459795,0.9269826800000001,0.9889599549999999,12.155849933624268,0.3981611728668213
rank,40,False,HalfCheetah-v5,0,random,40,50,10000,0.0,0.1,multi,5.0,True,1.6497154235839844,0.17878618836402893,1.554056167602539,0.1318238228559494,3.055750846862793,2.229069471359253,1.6320867538452148,0.73294858,0.92466038,0.9884192549999999,11.655822992324829,0.20342659950256348
bootstrap,0.0,False,HalfCheetah-v5,0,random,20,50,10000,0.0,0.0,multi,5.0,True,1.6505160331726074,0.18746039271354675,1.5518051385879517,0.13422727584838867,5.149437427520752,2.5044779777526855,1.7420412302017212,0.7121732199999999,0.8810454950000001,0.981603475,10.694942712783813,0.2025895118713379
bootstrap,0.1,True,HalfCheetah-v5,0,random,20,50,10000,0.0,0.1,multi,5.0,True,1.6492201089859009,0.17946062982082367,1.5528628826141357,0.1308887004852295,3.435732126235962,2.2250633239746094,1.6341232061386108,0.732459795,0.9269826800000001,0.9889599549999999,12.155849933624268,0.3981611728668213
bootstrap,0.25,False,HalfCheetah-v5,0,random,20,50,10000,0.0,0.25,multi,5.0,True,1.6504995822906494,0.1816241592168808,1.5519754886627197,0.13161391019821167,4.37234354019165,2.3867268562316895,1.6730091571807861,0.718664795,0.8999144,0.98525843,9.706150531768799,0.2081434726715088
bootstrap,0.5,False,HalfCheetah-v5,0,random,20,50,10000,0.0,0.5,multi,5.0,True,1.6508281230926514,0.18459685146808624,1.551761507987976,0.13289564847946167,4.539900779724121,2.4461143016815186,1.704306960105896,0.7137653500000001,0.8881633250000001,0.983939155,10.840904712677002,0.19291329383850098
bootstrap,0.75,False,HalfCheetah-v5,0,random,20,50,10000,0.0,0.75,multi,5.0,True,1.650521159172058,0.18523061275482178,1.5516000986099243,0.13312916457653046,4.730932235717773,2.4848570823669434,1.7164040803909302,0.7126705100000001,0.88410028,0.98351491,10.079424619674683,0.20802783966064453
bootstrap,0.99,False,HalfCheetah-v5,0,random,20,50,10000,0.0,0.99,multi,5.0,True,1.650435447692871,0.18556807935237885,1.5518062114715576,0.1334644854068756,5.027655601501465,2.488055944442749,1.7291799783706665,0.7130068049999999,0.88315886,0.9818888699999999,10.101734161376953,0.2093644142150879
ridge,0.0,True,HalfCheetah-v5,0,random,20,50,10000,0.0,0.1,multi,5.0,True,1.6492201089859009,0.17946062982082367,1.5528628826141357,0.1308887004852295,3.435732126235962,2.2250633239746094,1.6341232061386108,0.732459795,0.9269826800000001,0.9889599549999999,12.155849933624268,0.3981611728668213
ridge,0.0001,False,HalfCheetah-v5,0,random,20,50,10000,0.0001,0.1,multi,5.0,True,1.6480255126953125,0.17776115238666534,1.5534212589263916,0.133054718375206,2.8952598571777344,2.205984354019165,1.6898878812789917,0.735280815,0.9295796949999999,0.9908274299999998,12.000541687011719,0.2164783477783203
ridge,0.01,False,HalfCheetah-v5,0,random,20,50,10000,0.01,0.1,multi,5.0,True,1.6495643854141235,0.17915832996368408,1.5527526140213013,0.13021543622016907,3.744128704071045,2.255591630935669,1.630873680114746,0.7303405100000001,0.921519265,0.9877935,10.47811484336853,0.2233445644378662
ridge,1.0,False,HalfCheetah-v5,0,random,20,50,10000,1.0,0.1,multi,5.0,True,1.6516294479370117,0.1840612292289734,1.5541342496871948,0.1337384432554245,4.419435501098633,2.3947067260742188,1.6758612394332886,0.71790173,0.8928029850000001,0.9840966200000001,12.432098865509033,0.2024829387664795
ridge,100.0,False,HalfCheetah-v5,0,random,20,50,10000,100.0,0.1,multi,50.0,True,1.6829733848571777,0.22883720695972443,1.5921885967254639,0.18071240186691284,4.219051361083984,2.3611974716186523,1.6821441650390625,0.74386451,0.8954597849999999,0.977286735,10.054606199264526,0.2170274257659912
layer,single-block-L0,False,HalfCheetah-v5,0,random,20,50,10000,0.0,0.1,multi,10.0,True,1.6504722833633423,0.1857118010520935,1.5534406900405884,0.13524460792541504,3.711672782897949,2.3032007217407227,1.6469191312789917,0.7290770499999999,0.9187340800000001,0.98829294,11.992689847946167,0.1583704948425293
layer,"multi-block-L0,2*",True,HalfCheetah-v5,0,random,20,50,10000,0.0,0.1,multi,5.0,True,1.6492201089859009,0.1794600784778595,1.5528628826141357,0.13088813424110413,3.435724973678589,2.225062847137451,1.6341228485107422,0.73245987,0.9269826000000001,0.9889599799999998,12.019473791122437,0.39479780197143555
scale,0.25x(=1.25),False,HalfCheetah-v5,10,random,20,50,10000,0.0,0.1,multi,1.25,False,1.611535668373108,0.11511988937854767,1.7609845399856567,0.9183257222175598,4.915327072143555,2.707026481628418,3.241459608078003,0.63035305,0.80277275,0.973473255,10.123276233673096,0.20906901359558105
scale,0.5x(=2.5),False,HalfCheetah-v5,10,random,20,50,10000,0.0,0.1,multi,2.5,False,1.6135597229003906,0.10367126017808914,1.7604479789733887,0.624764084815979,3.4100441932678223,2.4641990661621094,2.4652063846588135,0.65066592,0.8433685149999999,0.9754776400000001,10.123276233673096,0.22359728813171387
scale,1.0x(=5.0),True,HalfCheetah-v5,10,random,20,50,10000,0.0,0.1,multi,5.0,True,1.6159673929214478,0.10202678292989731,1.7610417604446411,0.4761899709701538,2.6815383434295654,2.2240827083587646,2.212005138397217,0.676958965,0.89723277,0.97742987,10.123276233673096,0.20869874954223633
scale,2.0x(=10.0),False,HalfCheetah-v5,10,random,20,50,10000,0.0,0.1,multi,10.0,False,1.6233645677566528,0.10866259038448334,1.7669482231140137,0.37695252895355225,2.1017067432403564,2.0332095623016357,2.048362970352173,0.7059007099999999,0.9366465450000001,0.9784433,10.123276233673096,0.19643497467041016
scale,4.0x(=20.0),False,HalfCheetah-v5,10,random,20,50,10000,0.0,0.1,multi,20.0,False,1.6267635822296143,0.11507407575845718,1.769520878791809,0.3429696559906006,1.9378912448883057,1.9514834880828857,1.9831116199493408,0.7285130350000001,0.9510680600000001,0.979205825,10.123276233673096,0.2195432186126709
rank,1,False,HalfCheetah-v5,10,random,1,50,10000,0.0,0.1,multi,5.0,True,1.6221109628677368,0.11569157987833023,1.7673803567886353,0.4788568913936615,2.744072914123535,2.254181146621704,2.2377657890319824,0.6732902350000001,0.8941543649999999,0.97643457,10.371504068374634,0.2187361717224121
rank,2,False,HalfCheetah-v5,10,random,2,50,10000,0.0,0.1,multi,5.0,True,1.6186326742172241,0.10380598902702332,1.7667794227600098,0.4104321599006653,2.424983501434326,2.2397139072418213,2.1225712299346924,0.67675967,0.89944421,0.9768326799999999,9.921126127243042,0.2149639129638672
rank,5,False,HalfCheetah-v5,10,random,5,50,10000,0.0,0.1,multi,5.0,True,1.617526888847351,0.10165480524301529,1.7622382640838623,0.4563647508621216,2.592773914337158,2.233705997467041,2.1889350414276123,0.67806392,0.89783791,0.9776811950000001,10.270303726196289,0.21089529991149902
rank,20,True,HalfCheetah-v5,10,random,20,50,10000,0.0,0.1,multi,5.0,True,1.6159673929214478,0.10202678292989731,1.7610417604446411,0.4761899709701538,2.6815383434295654,2.2240827083587646,2.212005138397217,0.676958965,0.89723277,0.97742987,14.285759925842285,0.40647435188293457
rank,40,False,HalfCheetah-v5,10,random,40,50,10000,0.0,0.1,multi,5.0,True,1.6178312301635742,0.10200735181570053,1.7623248100280762,0.44552168250083923,2.544567108154297,2.2384696006774902,2.177104949951172,0.6796666150000001,0.89667301,0.97761691,13.482007026672363,0.2047271728515625
bootstrap,0.0,False,HalfCheetah-v5,10,random,20,50,10000,0.0,0.0,multi,5.0,True,1.6131725311279297,0.11310708522796631,1.7611451148986816,1.010188102722168,5.449393272399902,2.526621103286743,3.88647198677063,0.65517783,0.845339335,0.9743577299999999,12.667410135269165,0.20371699333190918
bootstrap,0.1,True,HalfCheetah-v5,10,random,20,50,10000,0.0,0.1,multi,5.0,True,1.6159673929214478,0.10202678292989731,1.7610417604446411,0.4761899709701538,2.6815383434295654,2.2240827083587646,2.212005138397217,0.676958965,0.89723277,0.97742987,14.285759925842285,0.40647435188293457
bootstrap,0.25,False,HalfCheetah-v5,10,random,20,50,10000,0.0,0.25,multi,5.0,True,1.6134806871414185,0.1038680225610733,1.7612311840057373,0.7393524050712585,3.9950273036956787,2.398244619369507,2.888584613800049,0.6615573149999999,0.8645661349999999,0.9757846700000001,12.204716444015503,0.19790172576904297
bootstrap,0.5,False,HalfCheetah-v5,10,random,20,50,10000,0.0,0.5,multi,5.0,True,1.6132087707519531,0.10654904693365097,1.761084794998169,0.840499758720398,4.519114017486572,2.4575183391571045,3.2984633445739746,0.65824236,0.8559298,0.975018675,13.0557861328125,0.20110464096069336
bootstrap,0.75,False,HalfCheetah-v5,10,random,20,50,10000,0.0,0.75,multi,5.0,True,1.6132303476333618,0.10810930281877518,1.7615936994552612,0.9225512742996216,4.993143081665039,2.4848525524139404,3.546759605407715,0.6566504249999999,0.8504706499999999,0.97467874,12.640762567520142,0.21518325805664062
bootstrap,0.99,False,HalfCheetah-v5,10,random,20,50,10000,0.0,0.99,multi,5.0,True,1.6133850812911987,0.10924835503101349,1.7609730958938599,0.9784772992134094,5.233458042144775,2.5048940181732178,3.7363927364349365,0.65596898,0.8479965899999999,0.9741043450000001,12.683391332626343,0.21664047241210938
ridge,0.0,True,HalfCheetah-v5,10,random,20,50,10000,0.0,0.1,multi,5.0,True,1.6159673929214478,0.10202678292989731,1.7610417604446411,0.4761899709701538,2.6815383434295654,2.2240827083587646,2.212005138397217,0.676958965,0.89723277,0.97742987,14.285759925842285,0.40647435188293457
ridge,0.0001,False,HalfCheetah-v5,10,random,20,50,10000,0.0001,0.1,multi,5.0,True,1.6170779466629028,0.10869801789522171,1.7655680179595947,0.29466134309768677,1.8496562242507935,2.202348470687866,2.049227476119995,0.6807495950000001,0.911493775,0.9814536099999999,14.166181802749634,0.19959211349487305
ridge,0.01,False,HalfCheetah-v5,10,random,20,50,10000,0.01,0.1,multi,5.0,True,1.616098165512085,0.10144538432359695,1.761033296585083,0.5561428070068359,3.0533530712127686,2.2507543563842773,2.3840298652648926,0.674937735,0.891968755,0.97644819,12.909046411514282,0.24982047080993652
ridge,1.0,False,HalfCheetah-v5,10,random,20,50,10000,1.0,0.1,multi,5.0,True,1.6181641817092896,0.10689252614974976,1.7623438835144043,0.9090206027030945,4.834108352661133,2.415865182876587,3.312798500061035,0.66149038,0.856580755,0.973662895,11.207414388656616,0.21132659912109375
ridge,100.0,False,HalfCheetah-v5,10,random,20,50,10000,100.0,0.1,multi,50.0,True,1.6505728960037231,0.15159645676612854,1.7879595756530762,0.982064962387085,4.759914398193359,2.3525545597076416,3.2070839405059814,0.69414533,0.8631669599999999,0.9668067650000001,10.178261756896973,0.19328856468200684
layer,single-block-L0,False,HalfCheetah-v5,10,random,20,50,10000,0.0,0.1,multi,10.0,True,1.6197679042816162,0.10661019384860992,1.7623766660690308,0.7075541615486145,3.8343067169189453,2.274235963821411,3.0238308906555176,0.6690217,0.888195425,0.973223025,12.423776149749756,0.1465320587158203
layer,"multi-block-L0,2*",True,HalfCheetah-v5,10,random,20,50,10000,0.0,0.1,multi,5.0,True,1.6159673929214478,0.10202678292989731,1.7610417604446411,0.4761899709701538,2.6815383434295654,2.2240827083587646,2.212005138397217,0.676958965,0.89723277,0.97742987,13.720972537994385,0.24277520179748535
scale,0.25x(=1.25),False,HalfCheetah-v5,42,random,20,50,10000,0.0,0.1,multi,1.25,False,1.6330257654190063,0.05074938386678696,1.615400791168213,0.04821889474987984,4.5167670249938965,2.9871718883514404,2.070728063583374,0.61796999,0.7443592800000001,0.9482883849999999,9.951215744018555,0.2262251377105713
scale,0.5x(=2.5),False,HalfCheetah-v5,42,random,20,50,10000,0.0,0.1,multi,2.5,False,1.6326825618743896,0.047273918986320496,1.615169882774353,0.04274026304483414,3.245227336883545,2.7781646251678467,1.8858860731124878,0.6395594,0.7908106850000001,0.9617031699999999,9.951215744018555,0.1971721649169922
scale,1.0x(=5.0),True,HalfCheetah-v5,42,random,20,50,10000,0.0,0.1,multi,5.0,True,1.6341995000839233,0.052203428000211716,1.6163321733474731,0.04727266728878021,2.2922918796539307,2.5160930156707764,1.7762129306793213,0.665574565,0.8554177949999999,0.97738074,9.951215744018555,0.19336485862731934
scale,2.0x(=10.0),False,HalfCheetah-v5,42,random,20,50,10000,0.0,0.1,multi,10.0,False,1.6393872499465942,0.06599361449480057,1.6205635070800781,0.06069198623299599,2.095111846923828,2.26676082611084,1.7495235204696655,0.69737366,0.9207414500000001,0.98685217,9.951215744018555,0.20113849639892578
scale,4.0x(=20.0),False,HalfCheetah-v5,42,random,20,50,10000,0.0,0.1,multi,20.0,False,1.6432429552078247,0.08253160864114761,1.6278302669525146,0.0753212422132492,1.7626121044158936,2.07576584815979,1.724151849746704,0.7315712900000001,0.9557966999999999,0.9892074900000001,9.951215744018555,0.19934868812561035
rank,1,False,HalfCheetah-v5,42,random,1,50,10000,0.0,0.1,multi,5.0,True,1.6358438730239868,0.06258150935173035,1.6200284957885742,0.05622366815805435,2.3715059757232666,2.5848662853240967,1.806443452835083,0.66140545,0.8385272549999998,0.976296195,10.372402667999268,0.19860243797302246
rank,2,False,HalfCheetah-v5,42,random,2,50,10000,0.0,0.1,multi,5.0,True,1.6365504264831543,0.05762162059545517,1.6190956830978394,0.050721943378448486,2.2802963256835938,2.5342636108398438,1.781394124031067,0.664094085,0.843753075,0.9765740599999999,10.5338716506958,0.21762943267822266
rank,5,False,HalfCheetah-v5,42,random,5,50,10000,0.0,0.1,multi,5.0,True,1.632515549659729,0.05254480242729187,1.6161173582077026,0.04744115471839905,2.3529279232025146,2.4971253871917725,1.7792136669158936,0.665161525,0.85999303,0.97700174,9.709779977798462,0.20563983917236328
rank,20,True,HalfCheetah-v5,42,random,20,50,10000,0.0,0.1,multi,5.0,True,1.6341995000839233,0.052203428000211716,1.6163321733474731,0.04727266728878021,2.2922918796539307,2.5160930156707764,1.7762129306793213,0.665574565,0.8554177949999999,0.97738074,11.163654565811157,0.2143723964691162
rank,40,False,HalfCheetah-v5,42,random,40,50,10000,0.0,0.1,multi,5.0,True,1.6349091529846191,0.0523662269115448,1.6169641017913818,0.047534335404634476,2.610584259033203,2.50947642326355,1.7771276235580444,0.6667166099999999,0.8576537500000001,0.97639458,13.701179265975952,0.2112281322479248
bootstrap,0.0,False,HalfCheetah-v5,42,random,20,50,10000,0.0,0.0,multi,5.0,True,1.6321933269500732,0.051035456359386444,1.6157770156860352,0.04883754625916481,4.200509071350098,2.820946216583252,2.0386528968811035,0.640602805,0.791773635,0.95555833,10.039990425109863,0.2009739875793457
bootstrap,0.1,True,HalfCheetah-v5,42,random,20,50,10000,0.0,0.1,multi,5.0,True,1.6341995000839233,0.052203428000211716,1.6163321733474731,0.04727266728878021,2.2922918796539307,2.5160930156707764,1.7762129306793213,0.665574565,0.8554177949999999,0.97738074,11.163654565811157,0.2143723964691162
bootstrap,0.25,False,HalfCheetah-v5,42,random,20,50,10000,0.0,0.25,multi,5.0,True,1.6325397491455078,0.049807049334049225,1.6154279708862305,0.046199243515729904,3.511068344116211,2.6854052543640137,1.9008022546768188,0.651358935,0.818750975,0.9670126200000001,9.805589437484741,0.2063591480255127
bootstrap,0.5,False,HalfCheetah-v5,42,random,20,50,10000,0.0,0.5,multi,5.0,True,1.6320695877075195,0.04986634477972984,1.6153448820114136,0.04716276004910469,3.7447118759155273,2.7580621242523193,1.957182765007019,0.64488572,0.8021901650000001,0.9633919700000001,10.43217420578003,0.20503568649291992
bootstrap,0.75,False,HalfCheetah-v5,42,random,20,50,10000,0.0,0.75,multi,5.0,True,1.6324286460876465,0.05009690672159195,1.615332007408142,0.047621116042137146,3.955409526824951,2.7888567447662354,1.9882951974868774,0.643660835,0.797042665,0.9611180349999999,9.916765928268433,0.20645856857299805
bootstrap,0.99,False,HalfCheetah-v5,42,random,20,50,10000,0.0,0.99,multi,5.0,True,1.6321948766708374,0.05052085593342781,1.6157481670379639,0.04828409478068352,4.023172855377197,2.8011221885681152,2.01153302192688,0.64278057,0.795440185,0.9564391349999999,10.513140201568604,0.20295071601867676
ridge,0.0,True,HalfCheetah-v5,42,random,20,50,10000,0.0,0.1,multi,5.0,True,1.6341995000839233,0.052203428000211716,1.6163321733474731,0.04727266728878021,2.2922918796539307,2.5160930156707764,1.7762129306793213,0.665574565,0.8554177949999999,0.97738074,11.163654565811157,0.2143723964691162
ridge,0.0001,False,HalfCheetah-v5,42,random,20,50,10000,0.0001,0.1,multi,5.0,True,1.634183645248413,0.05445517972111702,1.617037296295166,0.04908192902803421,1.9095790386199951,2.5091729164123535,1.7903481721878052,0.6684685100000001,0.8635320150000001,0.9819835100000001,14.119318962097168,0.19832229614257812
ridge,0.01,False,HalfCheetah-v5,42,random,20,50,10000,0.01,0.1,multi,5.0,True,1.6341116428375244,0.051439736038446426,1.6163926124572754,0.04653630405664444,2.739203929901123,2.540287971496582,1.7972296476364136,0.6644148700000001,0.85105944,0.9750306100000001,10.244100093841553,0.21700024604797363
ridge,1.0,False,HalfCheetah-v5,42,random,20,50,10000,1.0,0.1,multi,5.0,True,1.6348462104797363,0.053156498819589615,1.6176177263259888,0.049771782010793686,3.704695701599121,2.6970324516296387,1.9091719388961792,0.6512537350000001,0.81408576,0.96155283,10.862720727920532,0.20601725578308105
ridge,100.0,False,HalfCheetah-v5,42,random,20,50,10000,100.0,0.1,multi,50.0,True,1.6626845598220825,0.11491777002811432,1.6505322456359863,0.11417187750339508,3.200676202774048,2.4805586338043213,1.845337152481079,0.697055585,0.85904152,0.9559608849999999,12.657615184783936,0.21884799003601074
layer,single-block-L0,False,HalfCheetah-v5,42,random,20,50,10000,0.0,0.1,multi,5.0,True,1.6322325468063354,0.04814651980996132,1.6155520677566528,0.044840406626462936,3.5529727935791016,2.747922420501709,1.9377390146255493,0.646387375,0.812832865,0.96516669,10.867302179336548,0.13531708717346191
layer,"multi-block-L0,2*",True,HalfCheetah-v5,42,random,20,50,10000,0.0,0.1,multi,5.0,True,1.6341995000839233,0.052203428000211716,1.6163321733474731,0.04727266728878021,2.2922918796539307,2.5160930156707764,1.7762129306793213,0.665574565,0.8554177949999999,0.97738074,10.073894500732422,0.191697359085083
